4500,35,Comedy
4500,18,Drama
4500,10749,Romance
4503,18,Drama
4503,35,Comedy
4504,10766,Soap
4506,35,Comedy
4507,35,Comedy
4508,16,Animation
4508,878,Science Fiction
4508,10759,Action & Adventure
4510,16,Animation
4510,10765,Sci-Fi & Fantasy
4511,16,Animation
4511,35,Comedy
4512,35,Comedy
4513,10759,Action & Adventure
4514,10763,News
4515,10759,Action & Adventure
4515,18,Drama
4515,10765,Sci-Fi & Fantasy
4515,35,Comedy
4516,16,Animation
4516,10765,Sci-Fi & Fantasy
4517,16,Animation
4518,10759,Action & Adventure
4518,10765,Sci-Fi & Fantasy
4518,18,Drama
4520,35,Comedy
4520,18,Drama
4521,18,Drama
4522,35,Comedy
4523,35,Comedy
4524,16,Animation
4525,35,Comedy
4526,10766,Soap
4526,18,Drama
4529,18,Drama
4529,10759,Action & Adventure
4530,10751,Family
4530,18,Drama
4531,10765,Sci-Fi & Fantasy
4531,18,Drama
4532,10759,Action & Adventure
4532,18,Drama
4533,99,Documentary
4534,35,Comedy
4536,35,Comedy
4538,10765,Sci-Fi & Fantasy
4539,80,Crime
4539,18,Drama
4540,35,Comedy
4541,10765,Sci-Fi & Fantasy
4541,18,Drama
4544,18,Drama
4545,18,Drama
4545,35,Comedy
4546,35,Comedy
4547,10766,Soap
4548,35,Comedy
4549,35,Comedy
4550,10751,Family
4550,18,Drama
4551,10764,Reality
4552,10765,Sci-Fi & Fantasy
4552,10759,Action & Adventure
4553,16,Animation
4554,80,Crime
4554,18,Drama
4555,10764,Reality
4556,18,Drama
4556,35,Comedy
4557,9648,Mystery
4557,18,Drama
4557,35,Comedy
4558,18,Drama
4561,35,Comedy
4562,18,Drama
4562,878,Science Fiction
4563,35,Comedy
4564,10768,War & Politics
4564,18,Drama
4564,10759,Action & Adventure
4565,18,Drama
4566,99,Documentary
4568,16,Animation
4568,35,Comedy
4569,10765,Sci-Fi & Fantasy
4569,10759,Action & Adventure
4569,18,Drama
4571,10759,Action & Adventure
4571,18,Drama
4573,10767,Talk
4574,16,Animation
4574,10759,Action & Adventure
4575,35,Comedy
4576,35,Comedy
4577,18,Drama
4578,10765,Sci-Fi & Fantasy
4581,18,Drama
4582,18,Drama
4583,18,Drama
4583,80,Crime
4585,16,Animation
4585,35,Comedy
4585,10765,Sci-Fi & Fantasy
4586,35,Comedy
4586,18,Drama
4588,18,Drama
4589,35,Comedy
4590,16,Animation
4590,35,Comedy
4594,10764,Reality
4598,35,Comedy
4598,18,Drama
4599,35,Comedy
4600,18,Drama
4600,10759,Action & Adventure
4601,18,Drama
4602,10765,Sci-Fi & Fantasy
4602,35,Comedy
4603,10765,Sci-Fi & Fantasy
4604,10759,Action & Adventure
4604,10765,Sci-Fi & Fantasy
4604,9648,Mystery
4604,18,Drama
4605,35,Comedy
4606,16,Animation
4606,35,Comedy
4607,10759,Action & Adventure
4607,18,Drama
4607,9648,Mystery
4608,35,Comedy
4609,16,Animation
4610,10751,Family
4610,35,Comedy
4612,10762,Kids
4612,35,Comedy
4613,18,Drama
4613,10768,War & Politics
4614,28,Action
4614,12,Adventure
4614,80,Crime
4614,18,Drama
4615,10759,Action & Adventure
4615,18,Drama
4615,10765,Sci-Fi & Fantasy
4616,35,Comedy
4616,18,Drama
4617,18,Drama
4618,10765,Sci-Fi & Fantasy
4618,18,Drama
4618,10759,Action & Adventure
4619,10759,Action & Adventure
4619,18,Drama
4620,10765,Sci-Fi & Fantasy
4620,35,Comedy
4620,18,Drama
4621,10765,Sci-Fi & Fantasy
4622,16,Animation
4622,35,Comedy
4622,10759,Action & Adventure
4623,16,Animation
4623,35,Comedy
4624,18,Drama
4624,10765,Sci-Fi & Fantasy
4625,16,Animation
4625,10759,Action & Adventure
4625,9648,Mystery
4626,18,Drama
4626,35,Comedy
4627,16,Animation
4628,35,Comedy
4628,18,Drama
4629,28,Action
4629,12,Adventure
4629,14,Fantasy
4629,878,Science Fiction
4630,10762,Kids
4630,16,Animation
4630,35,Comedy
4630,14,Fantasy
4631,18,Drama
4631,35,Comedy
4632,18,Drama
4635,10751,Family
4635,35,Comedy
4636,10759,Action & Adventure
4637,35,Comedy
4638,18,Drama
4638,28,Action
4639,99,Documentary
4645,18,Drama
4649,35,Comedy
4650,16,Animation
4650,10765,Sci-Fi & Fantasy
4651,10763,News
4652,10767,Talk
4652,35,Comedy
4652,18,Drama
4653,18,Drama
4653,10759,Action & Adventure
4656,28,Action
4656,18,Drama
4657,18,Drama
4658,35,Comedy
4660,18,Drama
4660,10759,Action & Adventure
4662,18,Drama
4665,16,Animation
4667,9648,Mystery
4667,35,Comedy
4668,18,Drama
4669,35,Comedy
4670,35,Comedy
4671,10763,News
4673,10766,Soap
4674,10763,News
4675,18,Drama
4681,37,Western
4681,10759,Action & Adventure
4681,18,Drama
4681,35,Comedy
4683,35,Comedy
4684,10751,Family
4684,16,Animation
4684,35,Comedy
4685,16,Animation
4685,35,Comedy
4686,16,Animation
4686,10759,Action & Adventure
4686,35,Comedy
4688,35,Comedy
4690,18,Drama
4690,35,Comedy
4692,35,Comedy
4694,18,Drama
4695,16,Animation
4695,10759,Action & Adventure
4696,18,Drama
4697,99,Documentary
4697,18,Drama
4698,10759,Action & Adventure
4698,10765,Sci-Fi & Fantasy
4699,10765,Sci-Fi & Fantasy
4702,10764,Reality
4704,35,Comedy
4705,18,Drama
4705,10759,Action & Adventure
4706,99,Documentary
4709,99,Documentary
4714,35,Comedy
4715,18,Drama
4716,99,Documentary
4717,18,Drama
4718,10764,Reality
4719,35,Comedy
4720,18,Drama
4722,35,Comedy
4723,99,Documentary
4726,35,Comedy
4727,16,Animation
4730,16,Animation
4731,35,Comedy
4732,35,Comedy
4733,10764,Reality
4734,28,Action
4734,18,Drama
4734,10749,Romance
4735,35,Comedy
4735,878,Science Fiction
4735,53,Thriller
4737,16,Animation
4738,10765,Sci-Fi & Fantasy
4741,35,Comedy
4743,18,Drama
4743,10759,Action & Adventure
4744,18,Drama
4745,16,Animation
4746,18,Drama
4748,35,Comedy
4749,35,Comedy
4749,10749,Romance
4750,18,Drama
4751,35,Comedy
4751,18,Drama
4752,10751,Family
4752,16,Animation
4752,35,Comedy
4755,18,Drama
4755,35,Comedy
4756,18,Drama
4758,35,Comedy
4758,10751,Family
4758,10402,Music
4759,35,Comedy
4761,18,Drama
4762,35,Comedy
4763,18,Drama
4763,35,Comedy
4764,16,Animation
4764,35,Comedy
4766,10765,Sci-Fi & Fantasy
4768,18,Drama
4773,10402,Music
4774,35,Comedy
4775,35,Comedy
4777,10763,News
4778,10764,Reality
4779,18,Drama
4781,99,Documentary
4782,10763,News
4784,16,Animation
4785,18,Drama
4786,16,Animation
4786,18,Drama
4787,35,Comedy
4788,10759,Action & Adventure
4790,16,Animation
4791,18,Drama
4791,35,Comedy
4792,16,Animation
4792,35,Comedy
4793,16,Animation
4793,9648,Mystery
4793,10759,Action & Adventure
4793,35,Comedy
4797,18,Drama
4799,18,Drama
4800,99,Documentary
4801,99,Documentary
4802,35,Comedy
4803,16,Animation
4808,37,Western
4808,18,Drama
4809,18,Drama
4813,18,Drama
4814,35,Comedy
4815,35,Comedy
4816,10765,Sci-Fi & Fantasy
4818,16,Animation
4820,10759,Action & Adventure
4821,10402,Music
4822,99,Documentary
4825,10763,News
4826,18,Drama
4826,10759,Action & Adventure
4828,10763,News
4830,18,Drama
4831,35,Comedy
4832,18,Drama
4835,10764,Reality
4837,10764,Reality
4839,16,Animation
4847,10763,News
4849,10751,Family
4850,18,Drama
4851,18,Drama
4854,18,Drama
4857,35,Comedy
4858,10759,Action & Adventure
4858,18,Drama
4859,10764,Reality
4859,99,Documentary
4859,18,Drama
4860,18,Drama
4860,10759,Action & Adventure
4862,10764,Reality
4863,10759,Action & Adventure
4863,10765,Sci-Fi & Fantasy
4863,18,Drama
4866,35,Comedy
4869,16,Animation
4879,35,Comedy
4879,18,Drama
4879,9648,Mystery
4879,10765,Sci-Fi & Fantasy
4880,10765,Sci-Fi & Fantasy
4881,80,Crime
4881,18,Drama
4882,878,Science Fiction
4882,18,Drama
4882,10765,Sci-Fi & Fantasy
4884,18,Drama
4884,35,Comedy
4885,18,Drama
4886,16,Animation
4887,35,Comedy
4887,10751,Family
4888,18,Drama
4890,35,Comedy
4892,35,Comedy
4893,18,Drama
4897,18,Drama
4898,99,Documentary
4899,10759,Action & Adventure
4900,16,Animation
4900,35,Comedy
4900,10762,Kids
4900,10765,Sci-Fi & Fantasy
4903,18,Drama
4906,10759,Action & Adventure
4908,18,Drama
4909,99,Documentary
4912,35,Comedy
4914,10759,Action & Adventure
4914,16,Animation
4916,99,Documentary
4918,18,Drama
4918,35,Comedy
4920,9648,Mystery
4920,18,Drama
4923,10763,News
4924,35,Comedy
4924,10751,Family
4925,10764,Reality
4926,35,Comedy
4927,18,Drama
4927,35,Comedy
4929,16,Animation
4930,18,Drama
4930,10768,War & Politics
4931,99,Documentary
4933,16,Animation
4935,10765,Sci-Fi & Fantasy
4936,35,Comedy
4937,10759,Action & Adventure
4938,99,Documentary
4939,18,Drama
4940,10764,Reality
4941,16,Animation
4943,35,Comedy
4951,18,Drama
4952,35,Comedy
4955,10765,Sci-Fi & Fantasy
4955,9648,Mystery
4955,18,Drama
4955,10759,Action & Adventure
4956,16,Animation
4956,35,Comedy
4959,35,Comedy
4960,10763,News
4961,16,Animation
4961,10759,Action & Adventure
4963,18,Drama
4964,35,Comedy
4965,35,Comedy
4969,18,Drama
4969,35,Comedy
4970,16,Animation
4971,99,Documentary
4976,10764,Reality
4977,35,Comedy
4979,16,Animation
4979,35,Comedy
4981,18,Drama
4981,53,Thriller
4981,9648,Mystery
4981,80,Crime
4983,18,Drama
4984,16,Animation
4985,35,Comedy
4989,18,Drama
4989,35,Comedy
4992,18,Drama
4992,35,Comedy
4994,99,Documentary
4999,16,Animation
4999,35,Comedy
