TV_Movie_ID,Genre_ID,Genre
1018,53,Thriller
1018,18,Drama
1018,9648,Mystery
1023,18,Drama
1023,35,Comedy
1023,80,Crime
1024,18,Drama
1024,14,Fantasy
1039,18,Drama
1039,10769,Foreign
1040,18,Drama
1049,18,Drama
1049,53,Thriller
1049,9648,Mystery
1049,10749,Romance
1050,35,Comedy
1050,18,Drama
1050,10769,Foreign
1051,28,Action
1051,80,Crime
1051,53,Thriller
1052,18,Drama
1052,9648,Mystery
1052,53,Thriller
1058,28,Action
1058,18,Drama
1058,10749,Romance
1058,53,Thriller
1059,12,Adventure
1059,18,Drama
1059,28,Action
1059,35,Comedy
1073,18,Drama
1073,53,Thriller
1073,9648,Mystery
1075,35,Comedy
1075,10749,Romance
1088,18,Drama
1088,10751,Family
1089,28,Action
1089,53,Thriller
1089,80,Crime
1090,53,Thriller
1090,878,Science Fiction
1090,9648,Mystery
1091,27,Horror
1091,878,Science Fiction
1091,9648,Mystery
1091,53,Thriller
1092,53,Thriller
1092,9648,Mystery
1093,18,Drama
1093,53,Thriller
1093,80,Crime
1103,878,Science Fiction
1103,28,Action
1114,99,Documentary
1114,18,Drama
1115,18,Drama
1116,18,Drama
1116,36,History
1116,10752,War
1123,28,Action
1123,18,Drama
1123,53,Thriller
1124,18,Drama
1124,9648,Mystery
1124,53,Thriller
1125,18,Drama
1126,18,Drama
1126,53,Thriller
1127,18,Drama
1162,18,Drama
1163,18,Drama
1163,10770,TV Movie
1164,18,Drama
1165,18,Drama
1213,53,Thriller
1213,80,Crime
1213,18,Drama
1244,10402,Music
1244,18,Drama
1244,35,Comedy
1245,18,Drama
1245,10749,Romance
1246,18,Drama
1247,18,Drama
1247,53,Thriller
1247,36,History
1248,80,Crime
1248,18,Drama
1248,53,Thriller
1249,18,Drama
1249,53,Thriller
1249,80,Crime
1250,53,Thriller
1250,28,Action
1250,14,Fantasy
1250,27,Horror
1251,28,Action
1251,12,Adventure
1251,18,Drama
1251,10752,War
1252,18,Drama
1252,53,Thriller
1252,80,Crime
1252,10749,Romance
1253,18,Drama
1253,10749,Romance
1254,18,Drama
1255,27,Horror
1255,18,Drama
1255,878,Science Fiction
1256,27,Horror
1256,53,Thriller
1257,35,Comedy
1259,18,Drama
1259,10749,Romance
1260,12,Adventure
1260,16,Animation
1260,35,Comedy
1260,10751,Family
1262,35,Comedy
1262,18,Drama
1262,14,Fantasy
1262,10749,Romance
1263,35,Comedy
1264,35,Comedy
1264,10751,Family
1264,12,Adventure
1265,12,Adventure
1265,18,Drama
1265,10751,Family
1266,28,Action
1266,80,Crime
1266,18,Drama
1266,53,Thriller
1267,16,Animation
1267,35,Comedy
1267,10751,Family
1268,10751,Family
1268,35,Comedy
1269,35,Comedy
1269,80,Crime
1271,28,Action
1271,12,Adventure
1271,10752,War
1272,878,Science Fiction
1272,53,Thriller
1273,35,Comedy
1273,12,Adventure
1273,14,Fantasy
1273,28,Action
1273,878,Science Fiction
1273,10751,Family
1277,18,Drama
1277,10769,Foreign
1277,10749,Romance
1278,18,Drama
1278,10749,Romance
1279,18,Drama
1280,18,Drama
1280,10749,Romance
1280,80,Crime
1281,35,Comedy
1282,99,Documentary
1283,35,Comedy
1283,80,Crime
1284,35,Comedy
1284,80,Crime
1285,35,Comedy
1285,80,Crime
1294,18,Drama
1294,10402,Music
1358,99,Documentary
1359,53,Thriller
1359,18,Drama
1359,80,Crime
1360,18,Drama
1360,10749,Romance
1361,16,Animation
1361,10751,Family
1361,14,Fantasy
1362,12,Adventure
1362,16,Animation
1362,10751,Family
1363,18,Drama
1363,28,Action
1363,37,Western
1363,10749,Romance
1364,18,Drama
1364,10749,Romance
1365,18,Drama
1365,10749,Romance
1366,18,Drama
1367,18,Drama
1368,28,Action
1368,12,Adventure
1368,53,Thriller
1368,10752,War
1369,28,Action
1369,12,Adventure
1369,18,Drama
1369,53,Thriller
1369,10752,War
1370,28,Action
1370,12,Adventure
1370,53,Thriller
1370,10752,War
1371,18,Drama
1372,18,Drama
1372,53,Thriller
1372,28,Action
1373,18,Drama
1373,14,Fantasy
1374,18,Drama
1375,18,Drama
1376,80,Crime
1376,18,Drama
1377,35,Comedy
1377,18,Drama
1377,10751,Family
1377,10749,Romance
1378,10749,Romance
1378,18,Drama
1378,35,Comedy
1379,80,Crime
1379,18,Drama
1380,18,Drama
1381,18,Drama
1381,12,Adventure
1381,878,Science Fiction
1381,10749,Romance
1382,35,Comedy
1382,18,Drama
1382,10749,Romance
1386,28,Action
1386,10749,Romance
1387,18,Drama
1387,10402,Music
1388,99,Documentary
1389,10749,Romance
1389,35,Comedy
1389,80,Crime
1391,18,Drama
1391,10749,Romance
1392,99,Documentary
1393,18,Drama
1393,99,Documentary
1394,18,Drama
1394,10749,Romance
1396,18,Drama
1396,36,History
1397,99,Documentary
1398,18,Drama
1398,878,Science Fiction
1398,53,Thriller
1402,18,Drama
1403,28,Action
1403,37,Western
1404,18,Drama
1404,10749,Romance
1405,18,Drama
1405,36,History
1406,28,Action
1406,12,Adventure
1406,35,Comedy
1406,18,Drama
1406,37,Western
1407,10402,Music
1407,18,Drama
1408,28,Action
1408,12,Adventure
1410,35,Comedy
1410,878,Science Fiction
1411,9648,Mystery
1411,18,Drama
1412,18,Drama
1413,18,Drama
1413,10749,Romance
1414,18,Drama
1414,9648,Mystery
1414,10749,Romance
1415,35,Comedy
1415,18,Drama
1415,80,Crime
1416,18,Drama
1416,10769,Foreign
1416,53,Thriller
1417,14,Fantasy
1417,18,Drama
1417,10752,War
1418,18,Drama
1419,35,Comedy
1419,18,Drama
1420,18,Drama
1420,35,Comedy
1421,18,Drama
1421,35,Comedy
1421,10749,Romance
1422,18,Drama
1422,53,Thriller
1422,80,Crime
1423,12,Adventure
1423,35,Comedy
1423,27,Horror
1423,878,Science Fiction
1424,18,Drama
1424,9648,Mystery
1424,53,Thriller
1426,18,Drama
1427,80,Crime
1427,14,Fantasy
1427,18,Drama
1428,28,Action
1429,80,Crime
1429,18,Drama
1430,99,Documentary
1433,14,Fantasy
1433,18,Drama
1433,27,Horror
1433,53,Thriller
1433,878,Science Fiction
1435,99,Documentary
1435,18,Drama
1436,18,Drama
1436,28,Action
1436,36,History
1436,10769,Foreign
1438,16,Animation
1439,18,Drama
1439,36,History
1439,10749,Romance
1440,10749,Romance
1440,18,Drama
1441,18,Drama
1441,28,Action
1441,53,Thriller
1441,80,Crime
1442,99,Documentary
1443,18,Drama
1443,10749,Romance
1444,35,Comedy
1444,18,Drama
1448,18,Drama
1448,14,Fantasy
1448,27,Horror
1450,28,Action
1450,12,Adventure
1450,27,Horror
1450,878,Science Fiction
1450,53,Thriller
1452,12,Adventure
1452,14,Fantasy
1452,28,Action
1452,878,Science Fiction
1479,18,Drama
1479,80,Crime
1480,18,Drama
1480,53,Thriller
1480,80,Crime
1481,18,Drama
1481,28,Action
1481,10769,Foreign
1482,28,Action
1482,18,Drama
1483,14,Fantasy
1483,27,Horror
1484,18,Drama
1485,80,Crime
1485,53,Thriller
1487,14,Fantasy
1487,28,Action
1487,878,Science Fiction
1488,18,Drama
1488,35,Comedy
1489,28,Action
1490,18,Drama
1491,14,Fantasy
1491,18,Drama
1491,53,Thriller
1491,10749,Romance
1492,28,Action
1492,12,Adventure
1492,18,Drama
1492,36,History
1493,35,Comedy
1493,80,Crime
1493,28,Action
1494,28,Action
1494,18,Drama
1494,14,Fantasy
1495,18,Drama
1495,28,Action
1495,12,Adventure
1495,36,History
1495,10752,War
1496,18,Drama
1496,28,Action
1496,35,Comedy
1496,10402,Music
1496,10749,Romance
1497,878,Science Fiction
1497,12,Adventure
1497,28,Action
1497,35,Comedy
1497,10751,Family
1498,878,Science Fiction
1498,28,Action
1498,12,Adventure
1498,35,Comedy
1498,10751,Family
1499,28,Action
1499,12,Adventure
1499,35,Comedy
1499,10751,Family
1499,14,Fantasy
1499,878,Science Fiction
1523,18,Drama
1534,28,Action
1535,28,Action
1535,80,Crime
1535,53,Thriller
1537,28,Action
1537,12,Adventure
1537,80,Crime
1537,53,Thriller
1538,18,Drama
1538,80,Crime
1538,53,Thriller
1539,10402,Music
1539,18,Drama
1539,10749,Romance
1540,18,Drama
1540,10749,Romance
1541,18,Drama
1541,53,Thriller
1541,80,Crime
1541,12,Adventure
1542,35,Comedy
1542,80,Crime
1543,18,Drama
1544,18,Drama
1544,35,Comedy
1544,10749,Romance
1546,35,Comedy
1546,18,Drama
1547,35,Comedy
1547,27,Horror
1548,35,Comedy
1548,18,Drama
1549,10749,Romance
1549,18,Drama
1550,35,Comedy
1550,18,Drama
1551,18,Drama
1551,27,Horror
1551,878,Science Fiction
1551,53,Thriller
1552,35,Comedy
1552,18,Drama
1552,10751,Family
1553,18,Drama
1553,53,Thriller
1554,80,Crime
1554,18,Drama
1554,35,Comedy
1555,18,Drama
1555,35,Comedy
1555,10749,Romance
1556,18,Drama
1557,18,Drama
1557,53,Thriller
1558,35,Comedy
1558,18,Drama
1559,9648,Mystery
1559,35,Comedy
1559,18,Drama
1560,35,Comedy
1560,18,Drama
1560,27,Horror
1561,18,Drama
1562,27,Horror
1562,53,Thriller
1562,878,Science Fiction
1563,99,Documentary
1564,99,Documentary
1566,18,Drama
1566,36,History
1566,10752,War
1567,18,Drama
1567,53,Thriller
1568,18,Drama
1568,53,Thriller
1569,27,Horror
1569,53,Thriller
1571,28,Action
1571,53,Thriller
1572,28,Action
1572,53,Thriller
1573,28,Action
1573,53,Thriller
1574,28,Action
1574,35,Comedy
1574,80,Crime
1574,18,Drama
1574,10402,Music
1576,27,Horror
1576,28,Action
1576,878,Science Fiction
1577,27,Horror
1577,28,Action
1577,878,Science Fiction
1578,18,Drama
1579,53,Thriller
1579,28,Action
1579,12,Adventure
1579,18,Drama
1580,80,Crime
1580,18,Drama
1580,9648,Mystery
1580,53,Thriller
1581,35,Comedy
1581,10749,Romance
1583,35,Comedy
1584,35,Comedy
1584,10402,Music
1585,18,Drama
1585,10751,Family
1585,14,Fantasy
1586,53,Thriller
1586,9648,Mystery
1587,10749,Romance
1587,18,Drama
1588,35,Comedy
1589,10749,Romance
1589,35,Comedy
1589,10402,Music
1590,18,Drama
1591,18,Drama
1592,80,Crime
1592,18,Drama
1592,9648,Mystery
1592,53,Thriller
1593,28,Action
1593,12,Adventure
1593,35,Comedy
1593,10751,Family
1593,14,Fantasy
1594,35,Comedy
1594,80,Crime
1595,18,Drama
1595,36,History
1596,18,Drama
1596,27,Horror
1596,9648,Mystery
1596,53,Thriller
1597,35,Comedy
1597,10749,Romance
1598,80,Crime
1598,53,Thriller
1599,35,Comedy
1599,10749,Romance
1600,18,Drama
1600,53,Thriller
1607,18,Drama
1607,80,Crime
1608,18,Drama
1609,35,Comedy
1610,35,Comedy
1610,10749,Romance
1611,18,Drama
1611,35,Comedy
1612,35,Comedy
1613,53,Thriller
1613,28,Action
1613,35,Comedy
1613,80,Crime
1615,35,Comedy
1616,35,Comedy
1618,35,Comedy
1618,10402,Music
1619,28,Action
1619,12,Adventure
1619,35,Comedy
1619,53,Thriller
1620,28,Action
1620,80,Crime
1620,18,Drama
1620,53,Thriller
1621,35,Comedy
1621,18,Drama
1622,18,Drama
1622,53,Thriller
1622,9648,Mystery
1623,80,Crime
1623,18,Drama
1624,35,Comedy
1626,18,Drama
1627,18,Drama
1628,18,Drama
1628,10749,Romance
1629,35,Comedy
1629,18,Drama
1630,18,Drama
1631,18,Drama
1632,53,Thriller
1632,80,Crime
1632,18,Drama
1633,18,Drama
1633,35,Comedy
1634,10751,Family
1634,12,Adventure
1635,28,Action
1635,53,Thriller
1635,878,Science Fiction
1635,12,Adventure
1636,14,Fantasy
1636,35,Comedy
1636,10749,Romance
1637,28,Action
1637,12,Adventure
1637,80,Crime
1637,53,Thriller
1639,28,Action
1639,12,Adventure
1639,53,Thriller
1640,18,Drama
1641,35,Comedy
1642,80,Crime
1642,18,Drama
1642,9648,Mystery
1642,53,Thriller
1642,28,Action
1643,18,Drama
1643,10749,Romance
1644,53,Thriller
1644,18,Drama
1644,9648,Mystery
1645,80,Crime
1645,18,Drama
1645,53,Thriller
1646,80,Crime
1646,18,Drama
1647,28,Action
1647,53,Thriller
1647,80,Crime
1647,18,Drama
1648,12,Adventure
1648,35,Comedy
1648,878,Science Fiction
1649,12,Adventure
1649,14,Fantasy
1649,35,Comedy
1649,878,Science Fiction
1649,10751,Family
1651,80,Crime
1651,18,Drama
1651,10749,Romance
1652,35,Comedy
1652,80,Crime
1653,18,Drama
1654,28,Action
1654,12,Adventure
1654,10752,War
1655,35,Comedy
1656,28,Action
1656,12,Adventure
1656,18,Drama
1656,37,Western
1658,99,Documentary
1658,18,Drama
1659,35,Comedy
1659,37,Western
1660,18,Drama
1660,35,Comedy
1661,18,Drama
1661,35,Comedy
1662,18,Drama
1662,28,Action
1662,53,Thriller
1662,80,Crime
1663,80,Crime
1663,27,Horror
1663,9648,Mystery
1663,53,Thriller
1665,18,Drama
1666,99,Documentary
1667,99,Documentary
1667,10751,Family
1669,28,Action
1669,12,Adventure
1669,53,Thriller
1670,80,Crime
1672,28,Action
1672,12,Adventure
1672,53,Thriller
1673,28,Action
1673,37,Western
1675,35,Comedy
1675,18,Drama
1676,10749,Romance
1676,37,Western
1677,18,Drama
1678,53,Thriller
1678,27,Horror
1678,878,Science Fiction
1679,28,Action
1679,878,Science Fiction
1679,27,Horror
1680,28,Action
1680,12,Adventure
1680,878,Science Fiction
1682,14,Fantasy
1682,878,Science Fiction
1682,28,Action
1682,12,Adventure
1683,27,Horror
1684,99,Documentary
1685,12,Adventure
1685,878,Science Fiction
1685,9648,Mystery
1687,28,Action
1687,878,Science Fiction
1688,28,Action
1688,878,Science Fiction
1689,18,Drama
1689,36,History
1690,27,Horror
1691,27,Horror
1693,27,Horror
1694,878,Science Fiction
1694,35,Comedy
1694,27,Horror
1696,18,Drama
1696,27,Horror
1696,80,Crime
1697,18,Drama
1697,35,Comedy
1698,27,Horror
1698,53,Thriller
1698,10769,Foreign
1699,27,Horror
1699,53,Thriller
1699,10769,Foreign
1700,27,Horror
1700,53,Thriller
1701,28,Action
1701,53,Thriller
1701,80,Crime
1702,28,Action
1702,27,Horror
1702,878,Science Fiction
1702,53,Thriller
1705,28,Action
1705,878,Science Fiction
1710,18,Drama
1710,53,Thriller
1711,28,Action
1711,18,Drama
1711,53,Thriller
1712,28,Action
1712,18,Drama
1712,37,Western
1713,18,Drama
1713,10749,Romance
1714,18,Drama
1714,878,Science Fiction
1715,18,Drama
1715,10749,Romance
1716,18,Drama
1716,10749,Romance
1716,10752,War
1717,18,Drama
1717,53,Thriller
1718,28,Action
1718,37,Western
1719,18,Drama
1719,10769,Foreign
1719,10749,Romance
1720,18,Drama
1721,12,Adventure
1721,28,Action
1721,35,Comedy
1722,18,Drama
1722,36,History
1722,10749,Romance
1723,35,Comedy
1723,18,Drama
1724,878,Science Fiction
1724,28,Action
1724,12,Adventure
1725,10402,Music
1725,80,Crime
1725,18,Drama
1726,28,Action
1726,878,Science Fiction
1726,12,Adventure
1727,28,Action
1727,12,Adventure
1727,35,Comedy
1727,10749,Romance
1729,28,Action
1729,12,Adventure
1729,14,Fantasy
1730,27,Horror
1730,18,Drama
1730,9648,Mystery
1730,53,Thriller
1731,18,Drama
1732,28,Action
1732,12,Adventure
1732,35,Comedy
1734,28,Action
1734,12,Adventure
1734,18,Drama
1734,14,Fantasy
1734,27,Horror
1734,53,Thriller
1735,12,Adventure
1735,14,Fantasy
1735,28,Action
1735,53,Thriller
1736,35,Comedy
1736,18,Drama
1738,28,Action
1738,878,Science Fiction
1738,53,Thriller
1739,10749,Romance
1739,35,Comedy
1739,10402,Music
1740,35,Comedy
1740,18,Drama
1770,18,Drama
1770,53,Thriller
1771,28,Action
1771,12,Adventure
1771,878,Science Fiction
1772,18,Drama
1773,80,Crime
1773,18,Drama
1774,99,Documentary
1775,28,Action
1775,35,Comedy
1776,99,Documentary
1777,99,Documentary
1778,99,Documentary
1779,99,Documentary
1779,36,History
1781,99,Documentary
1782,18,Drama
1782,53,Thriller
1782,9648,Mystery
1783,28,Action
1783,35,Comedy
1783,18,Drama
1783,36,History
1785,35,Comedy
1785,10749,Romance
1786,18,Drama
1786,10752,War
1787,18,Drama
1787,10749,Romance
1787,10769,Foreign
1788,18,Drama
1788,10751,Family
1788,10402,Music
1788,10749,Romance
1789,35,Comedy
1789,80,Crime
1790,37,Western
1791,18,Drama
1791,10749,Romance
1792,35,Comedy
1793,35,Comedy
1793,18,Drama
1793,10751,Family
1802,18,Drama
1802,53,Thriller
1803,28,Action
1803,53,Thriller
1803,80,Crime
1807,18,Drama
1807,80,Crime
1808,18,Drama
1808,10402,Music
1809,10749,Romance
1809,35,Comedy
1809,18,Drama
1810,12,Adventure
1810,18,Drama
1810,37,Western
1811,878,Science Fiction
1811,18,Drama
1811,35,Comedy
1812,35,Comedy
1812,10749,Romance
1813,18,Drama
1813,27,Horror
1813,9648,Mystery
1813,53,Thriller
1814,35,Comedy
1815,18,Drama
1815,28,Action
1815,53,Thriller
1815,80,Crime
1815,9648,Mystery
1816,18,Drama
1816,10402,Music
1817,53,Thriller
1817,18,Drama
1818,18,Drama
1818,53,Thriller
1818,80,Crime
1819,35,Comedy
1819,10749,Romance
1824,35,Comedy
1824,10749,Romance
1825,28,Action
1825,18,Drama
1826,35,Comedy
1826,18,Drama
1826,10749,Romance
1829,18,Drama
1829,36,History
1829,10749,Romance
1829,10769,Foreign
1830,80,Crime
1830,18,Drama
1830,53,Thriller
1831,35,Comedy
1831,18,Drama
1832,14,Fantasy
1832,35,Comedy
1832,12,Adventure
1833,35,Comedy
1833,18,Drama
1833,10402,Music
1833,10749,Romance
1834,80,Crime
1834,18,Drama
1834,9648,Mystery
1834,53,Thriller
1835,80,Crime
1835,9648,Mystery
1835,53,Thriller
1836,18,Drama
1836,27,Horror
1837,10749,Romance
1837,18,Drama
1838,18,Drama
1839,18,Drama
1840,80,Crime
1841,18,Drama
1841,53,Thriller
1841,80,Crime
1842,9648,Mystery
1842,27,Horror
1842,18,Drama
1843,99,Documentary
1843,10402,Music
1844,10749,Romance
1844,18,Drama
1844,9648,Mystery
1845,35,Comedy
1845,10749,Romance
1846,80,Crime
1846,9648,Mystery
1846,18,Drama
1847,53,Thriller
1847,80,Crime
1847,18,Drama
1847,9648,Mystery
1848,80,Crime
1849,36,History
1849,18,Drama
1850,35,Comedy
1850,18,Drama
1850,10749,Romance
1851,14,Fantasy
1851,878,Science Fiction
1851,12,Adventure
1851,10770,TV Movie
1852,18,Drama
1852,36,History
1852,53,Thriller
1853,99,Documentary
1854,35,Comedy
1855,12,Adventure
1857,16,Animation
1858,12,Adventure
1858,878,Science Fiction
1858,28,Action
1859,35,Comedy
1859,10749,Romance
1860,18,Drama
1861,18,Drama
1862,28,Action
1862,35,Comedy
1862,99,Documentary
1862,18,Drama
1862,10749,Romance
1862,53,Thriller
1863,18,Drama
1863,10752,War
1864,35,Comedy
1865,12,Adventure
1865,28,Action
1865,14,Fantasy
1868,80,Crime
1870,35,Comedy
1870,80,Crime
1870,12,Adventure
1870,14,Fantasy
1871,35,Comedy
1871,80,Crime
1871,12,Adventure
1871,14,Fantasy
1872,28,Action
1872,12,Adventure
1872,27,Horror
1872,53,Thriller
1873,18,Drama
1873,53,Thriller
1874,18,Drama
1874,36,History
1874,10769,Foreign
1875,35,Comedy
1875,80,Crime
1875,12,Adventure
1875,14,Fantasy
1876,18,Drama
1876,27,Horror
1876,35,Comedy
1877,14,Fantasy
1877,28,Action
1877,53,Thriller
1877,878,Science Fiction
1878,12,Adventure
1878,18,Drama
1878,35,Comedy
1879,35,Comedy
1879,18,Drama
1879,10749,Romance
1880,28,Action
1880,53,Thriller
1881,99,Documentary
1881,18,Drama
1881,10749,Romance
1882,18,Drama
1883,18,Drama
1883,36,History
1884,12,Adventure
1884,878,Science Fiction
1885,18,Drama
1887,18,Drama
1887,36,History
1888,10749,Romance
1888,35,Comedy
1889,35,Comedy
1890,18,Drama
1890,10749,Romance
1891,12,Adventure
1891,28,Action
1891,878,Science Fiction
1892,12,Adventure
1892,28,Action
1892,878,Science Fiction
1893,12,Adventure
1893,28,Action
1893,878,Science Fiction
1894,12,Adventure
1894,28,Action
1894,878,Science Fiction
1895,878,Science Fiction
1895,12,Adventure
1895,28,Action
1896,18,Drama
1896,36,History
1898,35,Comedy
1899,18,Drama
1900,18,Drama
1901,35,Comedy
1901,18,Drama
1901,10749,Romance
1902,18,Drama
1902,53,Thriller
1903,18,Drama
1903,9648,Mystery
1903,10749,Romance
1903,878,Science Fiction
1903,53,Thriller
1904,18,Drama
1904,36,History
1904,10749,Romance
1905,10749,Romance
1906,10402,Music
1906,18,Drama
1907,18,Drama
1907,12,Adventure
1907,10749,Romance
1907,53,Thriller
1908,18,Drama
1908,36,History
1909,10749,Romance
1909,18,Drama
1909,35,Comedy
1910,35,Comedy
1910,18,Drama
1911,12,Adventure
1911,14,Fantasy
1911,28,Action
1912,35,Comedy
1912,18,Drama
1913,18,Drama
1914,35,Comedy
1915,35,Comedy
1917,53,Thriller
1918,18,Drama
1919,18,Drama
1919,10749,Romance
1920,80,Crime
1920,18,Drama
1920,53,Thriller
1921,18,Drama
1921,10749,Romance
1922,18,Drama
1923,18,Drama
1923,9648,Mystery
1924,12,Adventure
1924,14,Fantasy
1924,28,Action
1924,878,Science Fiction
1925,18,Drama
1925,10769,Foreign
1926,18,Drama
1927,28,Action
1927,878,Science Fiction
1930,28,Action
1930,12,Adventure
1930,14,Fantasy
1931,18,Drama
1931,10402,Music
1933,27,Horror
1933,18,Drama
1933,9648,Mystery
1933,53,Thriller
1934,36,History
1935,18,Drama
1935,35,Comedy
1936,28,Action
1936,12,Adventure
1936,18,Drama
1936,37,Western
1937,18,Drama
1938,80,Crime
1938,18,Drama
1938,10749,Romance
1939,80,Crime
1939,18,Drama
1939,9648,Mystery
1939,10749,Romance
1939,53,Thriller
1940,10402,Music
1940,18,Drama
1940,10749,Romance
1941,28,Action
1941,18,Drama
1941,36,History
1941,10752,War
1942,53,Thriller
1942,9648,Mystery
1943,28,Action
1943,53,Thriller
1944,18,Drama
1945,18,Drama
1945,53,Thriller
1946,28,Action
1946,53,Thriller
1946,878,Science Fiction
1946,27,Horror
1947,18,Drama
1948,28,Action
1948,53,Thriller
1948,80,Crime
1949,80,Crime
1949,18,Drama
1949,9648,Mystery
1949,53,Thriller
1950,18,Drama
1950,10749,Romance
1951,18,Drama
1954,878,Science Fiction
1954,53,Thriller
1955,18,Drama
1955,36,History
1956,9648,Mystery
1956,18,Drama
1956,12,Adventure
1957,28,Action
1957,18,Drama
1957,53,Thriller
1958,35,Comedy
1958,53,Thriller
1958,10402,Music
1958,80,Crime
1958,9648,Mystery
1959,18,Drama
1959,10769,Foreign
1959,10749,Romance
1961,35,Comedy
1961,27,Horror
1962,18,Drama
1963,18,Drama
1963,10749,Romance
1964,18,Drama
1965,80,Crime
1965,53,Thriller
1965,18,Drama
1966,10752,War
1966,36,History
1966,28,Action
1966,12,Adventure
1966,18,Drama
1966,10749,Romance
1967,18,Drama
1967,10749,Romance
1968,18,Drama
1968,35,Comedy
1968,10749,Romance
1969,28,Action
1969,35,Comedy
1969,37,Western
1969,80,Crime
1970,27,Horror
1970,53,Thriller
1970,9648,Mystery
1975,27,Horror
1975,53,Thriller
1976,18,Drama
1976,10749,Romance
1977,27,Horror
1977,53,Thriller
1978,53,Thriller
1979,12,Adventure
1979,14,Fantasy
1979,28,Action
1979,53,Thriller
1980,35,Comedy
1980,99,Documentary
1984,18,Drama
1984,878,Science Fiction
1985,18,Drama
1985,9648,Mystery
1985,53,Thriller
1986,18,Drama
1986,10769,Foreign
1987,80,Crime
1987,18,Drama
1988,18,Drama
1988,53,Thriller
1989,18,Drama
1989,10749,Romance
1990,9648,Mystery
1990,80,Crime
1990,18,Drama
1991,28,Action
1991,53,Thriller
1992,27,Horror
1992,28,Action
1992,53,Thriller
1993,36,History
1993,18,Drama
1993,10749,Romance
1994,12,Adventure
1994,27,Horror
1994,9648,Mystery
1994,53,Thriller
1995,12,Adventure
1995,14,Fantasy
1995,28,Action
1995,53,Thriller
1996,28,Action
1996,12,Adventure
1996,14,Fantasy
1996,53,Thriller
1997,12,Adventure
1997,18,Drama
1997,10751,Family
1998,18,Drama
1999,18,Drama
1999,53,Thriller
2000,12,Adventure
2000,18,Drama
2000,36,History
2001,18,Drama
2001,80,Crime
2001,53,Thriller
2002,18,Drama
2002,10749,Romance
2003,18,Drama
2003,10769,Foreign
2004,28,Action
2004,35,Comedy
2004,10749,Romance
2005,10402,Music
2005,35,Comedy
2006,14,Fantasy
2006,35,Comedy
2006,10749,Romance
2007,18,Drama
2008,14,Fantasy
2008,18,Drama
2008,28,Action
2008,53,Thriller
2008,10749,Romance
2009,18,Drama
2010,18,Drama
2010,10769,Foreign
2011,16,Animation
2011,18,Drama
2012,18,Drama
2013,18,Drama
2014,18,Drama
2015,18,Drama
2016,18,Drama
2016,36,History
2016,10752,War
2017,28,Action
2017,80,Crime
2017,18,Drama
2017,9648,Mystery
2017,53,Thriller
2018,35,Comedy
2019,28,Action
2019,12,Adventure
2019,80,Crime
2019,53,Thriller
2020,35,Comedy
2021,35,Comedy
2021,18,Drama
2021,10749,Romance
2022,35,Comedy
2022,10749,Romance
2023,37,Western
2023,12,Adventure
2024,18,Drama
2024,36,History
2024,10752,War
2024,28,Action
2025,35,Comedy
2025,18,Drama
2026,9648,Mystery
2026,18,Drama
2026,53,Thriller
2026,80,Crime
2028,35,Comedy
2028,18,Drama
2028,10749,Romance
2029,35,Comedy
2030,18,Drama
2030,35,Comedy
2030,10769,Foreign
2031,18,Drama
2032,35,Comedy
2032,18,Drama
2032,10752,War
2033,18,Drama
2033,10749,Romance
2034,28,Action
2034,80,Crime
2034,18,Drama
2034,53,Thriller
2035,10770,TV Movie
2035,53,Thriller
2036,28,Action
2036,53,Thriller
2037,18,Drama
2037,10769,Foreign
2038,28,Action
2038,53,Thriller
2039,35,Comedy
2039,18,Drama
2039,10749,Romance
2042,18,Drama
2043,80,Crime
2043,9648,Mystery
2043,53,Thriller
2043,28,Action
2044,10749,Romance
2044,18,Drama
2044,9648,Mystery
2045,18,Drama
2045,9648,Mystery
2045,878,Science Fiction
2045,53,Thriller
2046,27,Horror
2046,18,Drama
2046,53,Thriller
2046,9648,Mystery
2047,28,Action
2047,80,Crime
2047,18,Drama
2047,53,Thriller
2048,28,Action
2048,878,Science Fiction
2049,99,Documentary
2049,10769,Foreign
2054,18,Drama
2054,10751,Family
2055,37,Western
2056,18,Drama
2056,35,Comedy
2057,18,Drama
2057,53,Thriller
2057,9648,Mystery
2057,10749,Romance
2058,35,Comedy
2058,10749,Romance
2059,12,Adventure
2059,28,Action
2059,53,Thriller
2059,9648,Mystery
2060,18,Drama
2061,28,Action
2061,80,Crime
2061,18,Drama
2061,53,Thriller
2062,10751,Family
2062,14,Fantasy
2062,16,Animation
2064,35,Comedy
2064,18,Drama
2064,10749,Romance
2065,18,Drama
2065,35,Comedy
2065,10749,Romance
2067,878,Science Fiction
2069,35,Comedy
2069,80,Crime
2070,35,Comedy
2071,9648,Mystery
2071,53,Thriller
2072,28,Action
2072,878,Science Fiction
2072,53,Thriller
2074,35,Comedy
2074,10749,Romance
2075,10749,Romance
2075,35,Comedy
2075,80,Crime
2075,18,Drama
2076,28,Action
2076,80,Crime
2076,18,Drama
2076,53,Thriller
2077,35,Comedy
2078,35,Comedy
2079,35,Comedy
2080,12,Adventure
2080,28,Action
2080,53,Thriller
2080,878,Science Fiction
2082,27,Horror
2083,35,Comedy
2083,14,Fantasy
2083,53,Thriller
2083,28,Action
2084,35,Comedy
2084,53,Thriller
2084,80,Crime
2085,28,Action
2085,80,Crime
2085,53,Thriller
2086,80,Crime
2086,18,Drama
2086,53,Thriller
2087,18,Drama
2087,28,Action
2087,53,Thriller
2088,28,Action
2088,80,Crime
2088,18,Drama
2088,53,Thriller
2089,28,Action
2089,53,Thriller
2090,28,Action
2090,53,Thriller
2091,80,Crime
2091,53,Thriller
2092,53,Thriller
2093,28,Action
2093,27,Horror
2093,53,Thriller
2094,18,Drama
2094,10402,Music
2094,10749,Romance
2095,53,Thriller
2095,28,Action
2096,28,Action
2096,12,Adventure
2096,878,Science Fiction
2097,27,Horror
2097,878,Science Fiction
2098,35,Comedy
2098,18,Drama
2098,10402,Music
2098,10749,Romance
2099,28,Action
2099,80,Crime
2099,53,Thriller
2100,28,Action
2100,18,Drama
2100,53,Thriller
2101,878,Science Fiction
2102,12,Adventure
2102,18,Drama
2102,28,Action
2102,53,Thriller
2102,878,Science Fiction
2102,10769,Foreign
2103,18,Drama
2103,878,Science Fiction
2103,9648,Mystery
2103,10749,Romance
2104,28,Action
2104,80,Crime
2104,27,Horror
2104,53,Thriller
2105,35,Comedy
2105,10749,Romance
2106,35,Comedy
2107,35,Comedy
2107,18,Drama
2107,14,Fantasy
2107,10749,Romance
2108,35,Comedy
2108,18,Drama
2109,28,Action
2109,35,Comedy
2109,80,Crime
2109,53,Thriller
2110,18,Drama
2110,28,Action
2110,35,Comedy
2111,18,Drama
2111,10769,Foreign
2112,18,Drama
2112,28,Action
2112,53,Thriller
2112,80,Crime
2114,12,Adventure
2114,28,Action
2114,16,Animation
2114,14,Fantasy
2114,878,Science Fiction
2114,53,Thriller
2115,10402,Music
2115,18,Drama
2116,53,Thriller
2116,80,Crime
2116,18,Drama
2117,18,Drama
2117,36,History
2118,80,Crime
2118,18,Drama
2118,9648,Mystery
2118,53,Thriller
2119,12,Adventure
2120,16,Animation
2120,10751,Family
2122,35,Comedy
2122,53,Thriller
2122,80,Crime
2123,35,Comedy
2124,53,Thriller
2124,18,Drama
2124,10749,Romance
2124,9648,Mystery
2125,28,Action
2125,878,Science Fiction
2125,53,Thriller
2126,18,Drama
2126,35,Comedy
2126,53,Thriller
2126,10749,Romance
2126,10769,Foreign
2131,10770,TV Movie
2131,18,Drama
2131,53,Thriller
2131,10752,War
2132,35,Comedy
2133,18,Drama
2134,53,Thriller
2134,12,Adventure
2134,14,Fantasy
2134,878,Science Fiction
2134,10749,Romance
2135,878,Science Fiction
2135,12,Adventure
2135,28,Action
2136,35,Comedy
2137,14,Fantasy
2137,28,Action
2137,12,Adventure
2138,35,Comedy
2138,27,Horror
2139,28,Action
2139,12,Adventure
2139,18,Drama
2140,28,Action
2140,80,Crime
2140,53,Thriller
2141,18,Drama
2142,28,Action
2142,80,Crime
2142,18,Drama
2143,18,Drama
2143,10769,Foreign
2143,10749,Romance
2144,28,Action
2144,35,Comedy
2144,80,Crime
2145,35,Comedy
2147,99,Documentary
2148,10402,Music
2148,18,Drama
2148,80,Crime
2148,10749,Romance
2149,18,Drama
2149,53,Thriller
2149,10749,Romance
2151,35,Comedy
2151,27,Horror
2151,878,Science Fiction
2152,99,Documentary
2153,28,Action
2153,80,Crime
2153,18,Drama
2153,53,Thriller
2154,27,Horror
2154,28,Action
2154,53,Thriller
2154,878,Science Fiction
2155,53,Thriller
2156,53,Thriller
2156,10749,Romance
2157,12,Adventure
2157,10751,Family
2157,878,Science Fiction
2160,12,Adventure
2160,18,Drama
2160,878,Science Fiction
2161,12,Adventure
2161,878,Science Fiction
2162,28,Action
2162,35,Comedy
2162,53,Thriller
2163,18,Drama
2163,28,Action
2163,53,Thriller
2164,28,Action
2164,12,Adventure
2164,878,Science Fiction
2165,18,Drama
2165,53,Thriller
2166,35,Comedy
2166,80,Crime
2166,10749,Romance
2168,18,Drama
2169,35,Comedy
2170,35,Comedy
2170,18,Drama
2171,35,Comedy
2172,12,Adventure
2173,35,Comedy
2175,99,Documentary
2176,18,Drama
2176,53,Thriller
2178,99,Documentary
2178,36,History
2179,35,Comedy
2179,10402,Music
2180,18,Drama
2180,35,Comedy
2180,10769,Foreign
2181,35,Comedy
2181,18,Drama
2182,35,Comedy
2182,27,Horror
2182,878,Science Fiction
2183,99,Documentary
2184,53,Thriller
2185,28,Action
2185,35,Comedy
2185,53,Thriller
2186,27,Horror
2187,35,Comedy
2188,10402,Music
2189,35,Comedy
2189,10749,Romance
2191,18,Drama
2191,53,Thriller
2191,878,Science Fiction
2191,10769,Foreign
2192,28,Action
2192,12,Adventure
2192,18,Drama
2193,35,Comedy
2193,18,Drama
2193,10749,Romance
2194,35,Comedy
2194,18,Drama
2195,18,Drama
2195,28,Action
2195,53,Thriller
2196,35,Comedy
2196,18,Drama
2197,18,Drama
2197,10752,War
2198,35,Comedy
2199,35,Comedy
2199,27,Horror
2200,18,Drama
2200,35,Comedy
2200,36,History
2200,10769,Foreign
2202,12,Adventure
2202,18,Drama
2202,10751,Family
2204,18,Drama
2204,10769,Foreign
2205,35,Comedy
2206,10402,Music
2206,35,Comedy
2207,28,Action
2207,12,Adventure
2207,80,Crime
2207,53,Thriller
2209,35,Comedy
2209,18,Drama
2210,10402,Music
2210,35,Comedy
2210,18,Drama
2210,10749,Romance
2210,878,Science Fiction
2211,18,Drama
2211,36,History
2211,10749,Romance
2212,28,Action
2212,18,Drama
2212,27,Horror
2212,9648,Mystery
2212,53,Thriller
2213,18,Drama
2214,18,Drama
2215,18,Drama
2215,36,History
2216,10752,War
2216,18,Drama
2217,18,Drama
2218,18,Drama
2219,10749,Romance
2219,18,Drama
2221,99,Documentary
2222,18,Drama
2223,18,Drama
2223,36,History
2225,28,Action
2225,18,Drama
2226,35,Comedy
2227,18,Drama
2228,35,Comedy
2229,18,Drama
2231,12,Adventure
2231,37,Western
2232,18,Drama
2232,10749,Romance
2232,10769,Foreign
2233,18,Drama
2234,18,Drama
2235,99,Documentary
2236,99,Documentary
2237,18,Drama
2238,99,Documentary
2239,18,Drama
2239,35,Comedy
2239,53,Thriller
2240,80,Crime
2241,35,Comedy
2244,99,Documentary
2245,99,Documentary
2245,10402,Music
2246,18,Drama
2246,80,Crime
2247,10402,Music
2249,18,Drama
2250,18,Drama
2250,36,History
2250,10769,Foreign
2251,18,Drama
2252,53,Thriller
2252,80,Crime
2252,9648,Mystery
2253,18,Drama
2253,53,Thriller
2253,36,History
2253,10752,War
2254,80,Crime
2255,35,Comedy
2255,18,Drama
2255,10749,Romance
2257,18,Drama
2258,18,Drama
2259,10749,Romance
2259,18,Drama
2260,99,Documentary
2261,99,Documentary
2262,80,Crime
2262,18,Drama
2263,80,Crime
2263,18,Drama
2263,10749,Romance
2263,53,Thriller
2264,35,Comedy
2264,18,Drama
2265,35,Comedy
2265,14,Fantasy
2265,878,Science Fiction
2265,10751,Family
2265,9648,Mystery
2266,18,Drama
2266,10749,Romance
2267,12,Adventure
2267,10751,Family
2268,12,Adventure
2268,14,Fantasy
2269,12,Adventure
2269,14,Fantasy
2269,18,Drama
2269,27,Horror
2269,28,Action
2269,53,Thriller
2269,878,Science Fiction
2270,12,Adventure
2270,14,Fantasy
2270,10749,Romance
2270,10751,Family
2274,12,Adventure
2274,18,Drama
2274,14,Fantasy
2274,10751,Family
2274,53,Thriller
2275,80,Crime
2275,18,Drama
2275,9648,Mystery
2275,53,Thriller
2277,35,Comedy
2277,878,Science Fiction
2280,14,Fantasy
2280,18,Drama
2280,35,Comedy
2280,10749,Romance
2280,10751,Family
2282,18,Drama
2282,10749,Romance
2284,35,Comedy
2285,18,Drama
2286,12,Adventure
2286,14,Fantasy
2286,36,History
2287,99,Documentary
2288,18,Drama
2288,10749,Romance
2289,18,Drama
2290,35,Comedy
2290,18,Drama
2290,36,History
2291,18,Drama
2291,9648,Mystery
2291,27,Horror
2292,35,Comedy
2293,10749,Romance
2293,35,Comedy
2294,35,Comedy
2295,35,Comedy
2296,80,Crime
2297,35,Comedy
2297,18,Drama
2297,9648,Mystery
2298,18,Drama
2299,18,Drama
2300,16,Animation
2300,35,Comedy
2300,18,Drama
2300,10751,Family
2300,14,Fantasy
2301,18,Drama
2302,18,Drama
2303,35,Comedy
2304,80,Crime
2304,18,Drama
2306,18,Drama
2307,35,Comedy
2307,18,Drama
2307,10749,Romance
2309,12,Adventure
2309,10751,Family
2309,14,Fantasy
2310,16,Animation
2310,14,Fantasy
2311,53,Thriller
2312,12,Adventure
2312,14,Fantasy
2312,28,Action
2312,18,Drama
2313,35,Comedy
2313,18,Drama
2313,10749,Romance
2314,18,Drama
2314,10769,Foreign
2316,18,Drama
2316,10751,Family
2316,10769,Foreign
2318,53,Thriller
2318,28,Action
2318,9648,Mystery
2319,14,Fantasy
2319,18,Drama
2319,878,Science Fiction
2319,10751,Family
2320,28,Action
2320,12,Adventure
2320,18,Drama
2320,53,Thriller
2321,28,Action
2321,35,Comedy
2321,53,Thriller
2321,80,Crime
2321,10749,Romance
2322,12,Adventure
2322,18,Drama
2322,28,Action
2322,35,Comedy
2322,53,Thriller
2322,80,Crime
2322,9648,Mystery
2323,18,Drama
2323,10751,Family
2323,14,Fantasy
2324,18,Drama
2325,10752,War
2325,18,Drama
2330,53,Thriller
2330,28,Action
2331,14,Fantasy
2332,28,Action
2332,35,Comedy
2332,80,Crime
2333,18,Drama
2334,28,Action
2334,35,Comedy
2335,28,Action
2335,35,Comedy
2336,99,Documentary
2337,35,Comedy
2337,80,Crime
2346,18,Drama
2346,10769,Foreign
2346,10749,Romance
2348,35,Comedy
2349,18,Drama
2355,18,Drama
2357,35,Comedy
2357,18,Drama
2358,35,Comedy
2358,80,Crime
2359,99,Documentary
2360,80,Crime
2360,35,Comedy
2361,36,History
2361,18,Drama
2362,28,Action
2362,12,Adventure
2362,18,Drama
2362,27,Horror
2362,878,Science Fiction
2362,53,Thriller
2362,37,Western
2363,18,Drama
2370,28,Action
2370,18,Drama
2370,9648,Mystery
2370,53,Thriller
2371,28,Action
2371,18,Drama
2371,53,Thriller
2373,35,Comedy
2373,36,History
2374,18,Drama
2374,36,History
2375,18,Drama
2375,36,History
2376,35,Comedy
2376,18,Drama
2377,35,Comedy
2378,12,Adventure
2378,18,Drama
2378,53,Thriller
2379,18,Drama
2380,35,Comedy
2380,18,Drama
2381,18,Drama
2381,36,History
2382,18,Drama
2383,12,Adventure
2383,18,Drama
2383,10751,Family
2385,53,Thriller
2386,10770,TV Movie
2386,27,Horror
2386,878,Science Fiction
2387,35,Comedy
2388,18,Drama
2389,12,Adventure
2389,36,History
2390,53,Thriller
2391,18,Drama
2391,36,History
2392,80,Crime
2393,35,Comedy
2393,18,Drama
2394,18,Drama
2394,10751,Family
2395,14,Fantasy
2395,12,Adventure
2395,35,Comedy
2395,10751,Family
2397,28,Action
2397,878,Science Fiction
2398,18,Drama
2399,53,Thriller
2400,18,Drama
2401,18,Drama
2402,18,Drama
2405,14,Fantasy
2410,18,Drama
2411,18,Drama
2412,35,Comedy
2413,18,Drama
2413,36,History
2414,80,Crime
2415,18,Drama
2415,36,History
2416,36,History
2417,18,Drama
2428,18,Drama
2428,36,History
2429,18,Drama
2430,18,Drama
2431,18,Drama
2431,36,History
2433,10402,Music
2433,10749,Romance
2433,18,Drama
2433,35,Comedy
2434,53,Thriller
2435,18,Drama
2435,53,Thriller
2435,10749,Romance
2436,28,Action
2436,12,Adventure
2436,35,Comedy
2436,878,Science Fiction
2437,35,Comedy
2438,10402,Music
2438,18,Drama
2440,10752,War
2440,18,Drama
2440,53,Thriller
2441,18,Drama
2442,28,Action
2442,18,Drama
2442,53,Thriller
2443,53,Thriller
2443,80,Crime
2444,18,Drama
2447,18,Drama
2447,36,History
2448,35,Comedy
2449,18,Drama
2449,53,Thriller
2452,35,Comedy
2453,28,Action
2453,53,Thriller
2454,12,Adventure
2454,10751,Family
2454,14,Fantasy
2455,53,Thriller
2455,35,Comedy
2455,80,Crime
2455,9648,Mystery
2456,35,Comedy
2457,18,Drama
2457,10749,Romance
2459,35,Comedy
2460,18,Drama
2460,10749,Romance
2460,878,Science Fiction
2462,35,Comedy
2462,878,Science Fiction
2463,18,Drama
2463,28,Action
2463,53,Thriller
2463,80,Crime
2464,28,Action
2464,53,Thriller
2469,35,Comedy
2469,80,Crime
2469,18,Drama
2469,10749,Romance
2470,35,Comedy
2470,18,Drama
2470,10769,Foreign
2470,10749,Romance
2486,14,Fantasy
2486,28,Action
2486,12,Adventure
2486,10751,Family
2487,28,Action
2487,18,Drama
2487,53,Thriller
2493,12,Adventure
2493,10751,Family
2493,14,Fantasy
2493,35,Comedy
2493,10749,Romance
2501,28,Action
2501,18,Drama
2501,9648,Mystery
2501,53,Thriller
2502,28,Action
2502,18,Drama
2502,53,Thriller
2503,28,Action
2503,18,Drama
2503,9648,Mystery
2503,53,Thriller
2516,18,Drama
2517,18,Drama
2518,18,Drama
2518,10752,War
2518,36,History
2525,18,Drama
2526,36,History
2527,18,Drama
2527,53,Thriller
2528,18,Drama
2528,10769,Foreign
2528,10749,Romance
2536,18,Drama
2537,99,Documentary
2538,35,Comedy
2539,35,Comedy
2546,35,Comedy
2546,14,Fantasy
2565,14,Fantasy
2565,35,Comedy
2565,878,Science Fiction
2565,10749,Romance
2566,18,Drama
2567,18,Drama
2574,18,Drama
2574,10769,Foreign
2574,10749,Romance
2575,18,Drama
2575,53,Thriller
2576,18,Drama
2576,36,History
2577,18,Drama
2577,10749,Romance
2577,878,Science Fiction
2577,53,Thriller
2587,10752,War
2587,18,Drama
2587,36,History
2588,35,Comedy
2588,18,Drama
2593,18,Drama
2593,10769,Foreign
2594,35,Comedy
2594,18,Drama
2604,18,Drama
2604,10752,War
2605,35,Comedy
2605,10751,Family
2605,878,Science Fiction
2608,35,Comedy
2608,14,Fantasy
2609,35,Comedy
2609,18,Drama
2610,35,Comedy
2610,18,Drama
2610,10749,Romance
2611,35,Comedy
2611,10749,Romance
2612,14,Fantasy
2612,35,Comedy
2612,878,Science Fiction
2612,10749,Romance
2613,18,Drama
2613,35,Comedy
2613,10749,Romance
2614,28,Action
2614,35,Comedy
2614,878,Science Fiction
2616,35,Comedy
2616,18,Drama
2616,10751,Family
2617,35,Comedy
2619,35,Comedy
2619,14,Fantasy
2619,10749,Romance
2620,28,Action
2620,35,Comedy
2620,80,Crime
2621,10749,Romance
2621,35,Comedy
2621,18,Drama
2623,18,Drama
2623,10749,Romance
2625,18,Drama
2625,10749,Romance
2636,28,Action
2636,53,Thriller
2637,18,Drama
2637,9648,Mystery
2637,53,Thriller
2637,27,Horror
2639,35,Comedy
2639,18,Drama
2640,35,Comedy
2640,18,Drama
2641,18,Drama
2641,36,History
2641,10770,TV Movie
2642,10749,Romance
2642,35,Comedy
2644,28,Action
2644,35,Comedy
2644,10769,Foreign
2645,28,Action
2645,35,Comedy
2646,28,Action
2646,35,Comedy
2646,53,Thriller
2646,10769,Foreign
2647,28,Action
2647,35,Comedy
2648,28,Action
2649,18,Drama
2649,53,Thriller
2649,9648,Mystery
2652,18,Drama
2652,53,Thriller
2654,9648,Mystery
2654,27,Horror
2654,53,Thriller
2655,18,Drama
2655,27,Horror
2655,9648,Mystery
2655,53,Thriller
2657,14,Fantasy
2657,18,Drama
2657,35,Comedy
2661,10751,Family
2661,12,Adventure
2661,35,Comedy
2661,878,Science Fiction
2661,80,Crime
2662,27,Horror
2665,35,Comedy
2666,9648,Mystery
2666,878,Science Fiction
2667,27,Horror
2667,9648,Mystery
2668,18,Drama
2668,14,Fantasy
2668,53,Thriller
2668,9648,Mystery
2669,28,Action
2669,18,Drama
2669,36,History
2670,18,Drama
2670,27,Horror
2670,9648,Mystery
2670,53,Thriller
2671,27,Horror
2671,53,Thriller
2672,35,Comedy
2672,18,Drama
2674,35,Comedy
2675,18,Drama
2675,53,Thriller
2675,878,Science Fiction
2675,9648,Mystery
2687,28,Action
2687,35,Comedy
2687,18,Drama
2687,14,Fantasy
2687,878,Science Fiction
2687,53,Thriller
2690,35,Comedy
2690,10749,Romance
2692,99,Documentary
2694,18,Drama
2694,10749,Romance
2694,10769,Foreign
2696,35,Comedy
2696,18,Drama
2698,14,Fantasy
2698,35,Comedy
2698,10751,Family
2699,28,Action
2699,18,Drama
2699,10749,Romance
2700,14,Fantasy
2701,14,Fantasy
2702,18,Drama
2703,14,Fantasy
2707,14,Fantasy
2712,14,Fantasy
2718,80,Crime
2719,14,Fantasy
2721,18,Drama
2721,53,Thriller
2722,35,Comedy
2722,18,Drama
2722,10769,Foreign
2722,10402,Music
2722,10749,Romance
2728,28,Action
2728,35,Comedy
2731,18,Drama
2731,10749,Romance
2732,18,Drama
2732,878,Science Fiction
2732,53,Thriller
2734,14,Fantasy
2735,80,Crime
2740,99,Documentary
2742,18,Drama
2742,14,Fantasy
2742,53,Thriller
2747,35,Comedy
2748,18,Drama
2749,28,Action
2749,80,Crime
2749,53,Thriller
2750,35,Comedy
2750,18,Drama
2751,16,Animation
2751,35,Comedy
2752,35,Comedy
2752,10749,Romance
2753,18,Drama
2753,10769,Foreign
2753,36,History
2754,35,Comedy
2754,10769,Foreign
2755,18,Drama
2755,35,Comedy
2756,12,Adventure
2756,28,Action
2756,53,Thriller
2756,878,Science Fiction
2757,35,Comedy
2757,80,Crime
2757,18,Drama
2758,35,Comedy
2758,10751,Family
2758,14,Fantasy
2759,18,Drama
2759,35,Comedy
2760,53,Thriller
2761,10769,Foreign
2761,53,Thriller
2762,18,Drama
2762,80,Crime
2767,18,Drama
2767,10749,Romance
2768,53,Thriller
2768,18,Drama
2768,80,Crime
2768,10749,Romance
2769,18,Drama
2769,35,Comedy
2769,10402,Music
2769,10749,Romance
2770,35,Comedy
2770,10749,Romance
2771,35,Comedy
2771,18,Drama
2772,99,Documentary
2773,99,Documentary
2774,99,Documentary
2775,99,Documentary
2776,99,Documentary
2777,18,Drama
2778,35,Comedy
2778,10751,Family
2779,35,Comedy
2779,80,Crime
2779,9648,Mystery
2779,10749,Romance
2779,53,Thriller
2784,35,Comedy
2786,18,Drama
2786,53,Thriller
2787,53,Thriller
2787,878,Science Fiction
2787,28,Action
2788,18,Drama
2789,12,Adventure
2789,28,Action
2789,53,Thriller
2789,878,Science Fiction
2790,28,Action
2790,53,Thriller
2790,10769,Foreign
2791,28,Action
2791,16,Animation
2791,878,Science Fiction
2791,53,Thriller
2792,35,Comedy
2793,12,Adventure
2796,35,Comedy
2797,18,Drama
2798,35,Comedy
2800,35,Comedy
2803,80,Crime
2805,10749,Romance
2805,35,Comedy
2805,28,Action
2807,99,Documentary
2813,53,Thriller
2813,18,Drama
2813,80,Crime
2813,36,History
2814,35,Comedy
2815,35,Comedy
2817,18,Drama
2817,35,Comedy
2817,10749,Romance
2819,80,Crime
2820,53,Thriller
2821,18,Drama
2823,53,Thriller
2824,35,Comedy
2826,18,Drama
2830,35,Comedy
2830,10749,Romance
2832,9648,Mystery
2832,53,Thriller
2837,35,Comedy
2837,18,Drama
2840,80,Crime
2841,10752,War
2841,18,Drama
2841,9648,Mystery
2841,10749,Romance
2844,18,Drama
2844,36,History
2845,18,Drama
2846,18,Drama
2847,18,Drama
2848,18,Drama
2849,18,Drama
2850,18,Drama
2851,18,Drama
2852,35,Comedy
2855,35,Comedy
2855,878,Science Fiction
2856,18,Drama
2857,35,Comedy
2857,53,Thriller
2858,18,Drama
2859,35,Comedy
2860,18,Drama
2860,10749,Romance
2861,18,Drama
2861,35,Comedy
2861,10749,Romance
2863,878,Science Fiction
2882,35,Comedy
2882,18,Drama
2887,18,Drama
2890,99,Documentary
2891,18,Drama
2892,18,Drama
2893,18,Drama
2893,878,Science Fiction
2894,10752,War
2894,18,Drama
2894,36,History
2895,18,Drama
2896,80,Crime
2896,18,Drama
2897,12,Adventure
2897,35,Comedy
2897,10751,Family
2897,14,Fantasy
2897,10749,Romance
2898,35,Comedy
2898,10749,Romance
2899,10751,Family
2899,14,Fantasy
2899,35,Comedy
2899,12,Adventure
2900,18,Drama
2900,878,Science Fiction
2900,53,Thriller
2901,18,Drama
2903,18,Drama
2903,10749,Romance
2904,27,Horror
2904,53,Thriller
2905,18,Drama
2905,53,Thriller
2906,18,Drama
2906,53,Thriller
2907,35,Comedy
2907,10751,Family
2907,14,Fantasy
2908,14,Fantasy
2908,878,Science Fiction
2908,12,Adventure
2909,878,Science Fiction
2911,28,Action
2911,36,History
2911,80,Crime
2911,10769,Foreign
2912,18,Drama
2912,10769,Foreign
2912,53,Thriller
2914,35,Comedy
2914,878,Science Fiction
2914,10749,Romance
2922,53,Thriller
2923,10749,Romance
2923,80,Crime
2923,18,Drama
2924,28,Action
2924,80,Crime
2924,18,Drama
2924,9648,Mystery
2924,53,Thriller
2925,35,Comedy
2926,28,Action
2926,12,Adventure
2926,35,Comedy
2926,18,Drama
2927,878,Science Fiction
2927,28,Action
2927,53,Thriller
2928,35,Comedy
2928,18,Drama
2928,14,Fantasy
2929,27,Horror
2929,878,Science Fiction
2956,27,Horror
2956,878,Science Fiction
2957,27,Horror
2957,878,Science Fiction
2958,27,Horror
2958,878,Science Fiction
2959,35,Comedy
2960,27,Horror
2960,878,Science Fiction
2961,27,Horror
2961,878,Science Fiction
2962,27,Horror
2962,878,Science Fiction
2963,35,Comedy
2963,14,Fantasy
2963,878,Science Fiction
2963,12,Adventure
2964,878,Science Fiction
2965,12,Adventure
2965,28,Action
2965,878,Science Fiction
2966,12,Adventure
2966,14,Fantasy
2966,28,Action
2966,878,Science Fiction
2967,878,Science Fiction
2967,27,Horror
2968,27,Horror
2968,878,Science Fiction
2969,18,Drama
2969,14,Fantasy
2969,878,Science Fiction
2969,27,Horror
2970,878,Science Fiction
2971,18,Drama
2971,878,Science Fiction
2972,27,Horror
2972,878,Science Fiction
2972,53,Thriller
2973,12,Adventure
2973,14,Fantasy
2973,18,Drama
2973,878,Science Fiction
2973,10769,Foreign
2974,18,Drama
2974,27,Horror
2974,80,Crime
2974,878,Science Fiction
2974,10769,Foreign
2976,35,Comedy
2976,10402,Music
2976,10749,Romance
2977,18,Drama
2977,10749,Romance
2978,14,Fantasy
2978,28,Action
2978,35,Comedy
2978,878,Science Fiction
2978,10751,Family
2979,35,Comedy
2979,14,Fantasy
2979,878,Science Fiction
2981,12,Adventure
2981,18,Drama
2981,14,Fantasy
2981,878,Science Fiction
2982,12,Adventure
2982,14,Fantasy
2982,878,Science Fiction
2983,12,Adventure
2983,14,Fantasy
2983,878,Science Fiction
2984,35,Comedy
2984,10749,Romance
2985,18,Drama
2985,53,Thriller
2987,18,Drama
2987,36,History
2988,18,Drama
2988,10749,Romance
2989,53,Thriller
2989,12,Adventure
2990,80,Crime
2990,53,Thriller
2991,53,Thriller
2992,10769,Foreign
2992,27,Horror
2992,53,Thriller
2993,9648,Mystery
2993,53,Thriller
2994,28,Action
2994,35,Comedy
2995,28,Action
2995,35,Comedy
2995,18,Drama
2995,10769,Foreign
2995,53,Thriller
2996,878,Science Fiction
2997,10770,TV Movie
2997,12,Adventure
2997,878,Science Fiction
2998,18,Drama
2998,10749,Romance
4500,35,Comedy
4500,18,Drama
4500,10749,Romance
4503,18,Drama
4503,35,Comedy
4504,10766,Soap
4506,35,Comedy
4507,35,Comedy
4508,16,Animation
4508,878,Science Fiction
4508,10759,Action & Adventure
4510,16,Animation
4510,10765,Sci-Fi & Fantasy
4511,16,Animation
4511,35,Comedy
4512,35,Comedy
4513,10759,Action & Adventure
4514,10763,News
4515,10759,Action & Adventure
4515,18,Drama
4515,10765,Sci-Fi & Fantasy
4515,35,Comedy
4516,16,Animation
4516,10765,Sci-Fi & Fantasy
4517,16,Animation
4518,10759,Action & Adventure
4518,10765,Sci-Fi & Fantasy
4518,18,Drama
4520,35,Comedy
4520,18,Drama
4521,18,Drama
4522,35,Comedy
4523,35,Comedy
4524,16,Animation
4525,35,Comedy
4526,10766,Soap
4526,18,Drama
4529,18,Drama
4529,10759,Action & Adventure
4530,10751,Family
4530,18,Drama
4531,10765,Sci-Fi & Fantasy
4531,18,Drama
4532,10759,Action & Adventure
4532,18,Drama
4533,99,Documentary
4534,35,Comedy
4536,35,Comedy
4538,10765,Sci-Fi & Fantasy
4539,80,Crime
4539,18,Drama
4540,35,Comedy
4541,10765,Sci-Fi & Fantasy
4541,18,Drama
4544,18,Drama
4545,18,Drama
4545,35,Comedy
4546,35,Comedy
4547,10766,Soap
4548,35,Comedy
4549,35,Comedy
4550,10751,Family
4550,18,Drama
4551,10764,Reality
4552,10765,Sci-Fi & Fantasy
4552,10759,Action & Adventure
4553,16,Animation
4554,80,Crime
4554,18,Drama
4555,10764,Reality
4556,18,Drama
4556,35,Comedy
4557,9648,Mystery
4557,18,Drama
4557,35,Comedy
4558,18,Drama
4561,35,Comedy
4562,18,Drama
4562,878,Science Fiction
4563,35,Comedy
4564,10768,War & Politics
4564,18,Drama
4564,10759,Action & Adventure
4565,18,Drama
4566,99,Documentary
4568,16,Animation
4568,35,Comedy
4569,10765,Sci-Fi & Fantasy
4569,10759,Action & Adventure
4569,18,Drama
4571,10759,Action & Adventure
4571,18,Drama
4573,10767,Talk
4574,16,Animation
4574,10759,Action & Adventure
4575,35,Comedy
4576,35,Comedy
4577,18,Drama
4578,10765,Sci-Fi & Fantasy
4581,18,Drama
4582,18,Drama
4583,18,Drama
4583,80,Crime
4585,16,Animation
4585,35,Comedy
4585,10765,Sci-Fi & Fantasy
4586,35,Comedy
4586,18,Drama
4588,18,Drama
4589,35,Comedy
4590,16,Animation
4590,35,Comedy
4594,10764,Reality
4598,35,Comedy
4598,18,Drama
4599,35,Comedy
4600,18,Drama
4600,10759,Action & Adventure
4601,18,Drama
4602,10765,Sci-Fi & Fantasy
4602,35,Comedy
4603,10765,Sci-Fi & Fantasy
4604,10759,Action & Adventure
4604,10765,Sci-Fi & Fantasy
4604,9648,Mystery
4604,18,Drama
4605,35,Comedy
4606,16,Animation
4606,35,Comedy
4607,10759,Action & Adventure
4607,18,Drama
4607,9648,Mystery
4608,35,Comedy
4609,16,Animation
4610,10751,Family
4610,35,Comedy
4612,10762,Kids
4612,35,Comedy
4613,18,Drama
4613,10768,War & Politics
4614,28,Action
4614,12,Adventure
4614,80,Crime
4614,18,Drama
4615,10759,Action & Adventure
4615,18,Drama
4615,10765,Sci-Fi & Fantasy
4616,35,Comedy
4616,18,Drama
4617,18,Drama
4618,10765,Sci-Fi & Fantasy
4618,18,Drama
4618,10759,Action & Adventure
4619,10759,Action & Adventure
4619,18,Drama
4620,10765,Sci-Fi & Fantasy
4620,35,Comedy
4620,18,Drama
4621,10765,Sci-Fi & Fantasy
4622,16,Animation
4622,35,Comedy
4622,10759,Action & Adventure
4623,16,Animation
4623,35,Comedy
4624,18,Drama
4624,10765,Sci-Fi & Fantasy
4625,16,Animation
4625,10759,Action & Adventure
4625,9648,Mystery
4626,18,Drama
4626,35,Comedy
4627,16,Animation
4628,35,Comedy
4628,18,Drama
4629,28,Action
4629,12,Adventure
4629,14,Fantasy
4629,878,Science Fiction
4630,10762,Kids
4630,16,Animation
4630,35,Comedy
4630,14,Fantasy
4631,18,Drama
4631,35,Comedy
4632,18,Drama
4635,10751,Family
4635,35,Comedy
4636,10759,Action & Adventure
4637,35,Comedy
4638,18,Drama
4638,28,Action
4639,99,Documentary
4645,18,Drama
4649,35,Comedy
4650,16,Animation
4650,10765,Sci-Fi & Fantasy
4651,10763,News
4652,10767,Talk
4652,35,Comedy
4652,18,Drama
4653,18,Drama
4653,10759,Action & Adventure
4656,28,Action
4656,18,Drama
4657,18,Drama
4658,35,Comedy
4660,18,Drama
4660,10759,Action & Adventure
4662,18,Drama
4665,16,Animation
4667,9648,Mystery
4667,35,Comedy
4668,18,Drama
4669,35,Comedy
4670,35,Comedy
4671,10763,News
4673,10766,Soap
4674,10763,News
4675,18,Drama
4681,37,Western
4681,10759,Action & Adventure
4681,18,Drama
4681,35,Comedy
4683,35,Comedy
4684,10751,Family
4684,16,Animation
4684,35,Comedy
4685,16,Animation
4685,35,Comedy
4686,16,Animation
4686,10759,Action & Adventure
4686,35,Comedy
4688,35,Comedy
4690,18,Drama
4690,35,Comedy
4692,35,Comedy
4694,18,Drama
4695,16,Animation
4695,10759,Action & Adventure
4696,18,Drama
4697,99,Documentary
4697,18,Drama
4698,10759,Action & Adventure
4698,10765,Sci-Fi & Fantasy
4699,10765,Sci-Fi & Fantasy
4702,10764,Reality
4704,35,Comedy
4705,18,Drama
4705,10759,Action & Adventure
4706,99,Documentary
4709,99,Documentary
4714,35,Comedy
4715,18,Drama
4716,99,Documentary
4717,18,Drama
4718,10764,Reality
4719,35,Comedy
4720,18,Drama
4722,35,Comedy
4723,99,Documentary
4726,35,Comedy
4727,16,Animation
4730,16,Animation
4731,35,Comedy
4732,35,Comedy
4733,10764,Reality
4734,28,Action
4734,18,Drama
4734,10749,Romance
4735,35,Comedy
4735,878,Science Fiction
4735,53,Thriller
4737,16,Animation
4738,10765,Sci-Fi & Fantasy
4741,35,Comedy
4743,18,Drama
4743,10759,Action & Adventure
4744,18,Drama
4745,16,Animation
4746,18,Drama
4748,35,Comedy
4749,35,Comedy
4749,10749,Romance
4750,18,Drama
4751,35,Comedy
4751,18,Drama
4752,10751,Family
4752,16,Animation
4752,35,Comedy
4755,18,Drama
4755,35,Comedy
4756,18,Drama
4758,35,Comedy
4758,10751,Family
4758,10402,Music
4759,35,Comedy
4761,18,Drama
4762,35,Comedy
4763,18,Drama
4763,35,Comedy
4764,16,Animation
4764,35,Comedy
4766,10765,Sci-Fi & Fantasy
4768,18,Drama
4773,10402,Music
4774,35,Comedy
4775,35,Comedy
4777,10763,News
4778,10764,Reality
4779,18,Drama
4781,99,Documentary
4782,10763,News
4784,16,Animation
4785,18,Drama
4786,16,Animation
4786,18,Drama
4787,35,Comedy
4788,10759,Action & Adventure
4790,16,Animation
4791,18,Drama
4791,35,Comedy
4792,16,Animation
4792,35,Comedy
4793,16,Animation
4793,9648,Mystery
4793,10759,Action & Adventure
4793,35,Comedy
4797,18,Drama
4799,18,Drama
4800,99,Documentary
4801,99,Documentary
4802,35,Comedy
4803,16,Animation
4808,37,Western
4808,18,Drama
4809,18,Drama
4813,18,Drama
4814,35,Comedy
4815,35,Comedy
4816,10765,Sci-Fi & Fantasy
4818,16,Animation
4820,10759,Action & Adventure
4821,10402,Music
4822,99,Documentary
4825,10763,News
4826,18,Drama
4826,10759,Action & Adventure
4828,10763,News
4830,18,Drama
4831,35,Comedy
4832,18,Drama
4835,10764,Reality
4837,10764,Reality
4839,16,Animation
4847,10763,News
4849,10751,Family
4850,18,Drama
4851,18,Drama
4854,18,Drama
4857,35,Comedy
4858,10759,Action & Adventure
4858,18,Drama
4859,10764,Reality
4859,99,Documentary
4859,18,Drama
4860,18,Drama
4860,10759,Action & Adventure
4862,10764,Reality
4863,10759,Action & Adventure
4863,10765,Sci-Fi & Fantasy
4863,18,Drama
4866,35,Comedy
4869,16,Animation
4879,35,Comedy
4879,18,Drama
4879,9648,Mystery
4879,10765,Sci-Fi & Fantasy
4880,10765,Sci-Fi & Fantasy
4881,80,Crime
4881,18,Drama
4882,878,Science Fiction
4882,18,Drama
4882,10765,Sci-Fi & Fantasy
4884,18,Drama
4884,35,Comedy
4885,18,Drama
4886,16,Animation
4887,35,Comedy
4887,10751,Family
4888,18,Drama
4890,35,Comedy
4892,35,Comedy
4893,18,Drama
4897,18,Drama
4898,99,Documentary
4899,10759,Action & Adventure
4900,16,Animation
4900,35,Comedy
4900,10762,Kids
4900,10765,Sci-Fi & Fantasy
4903,18,Drama
4906,10759,Action & Adventure
4908,18,Drama
4909,99,Documentary
4912,35,Comedy
4914,10759,Action & Adventure
4914,16,Animation
4916,99,Documentary
4918,18,Drama
4918,35,Comedy
4920,9648,Mystery
4920,18,Drama
4923,10763,News
4924,35,Comedy
4924,10751,Family
4925,10764,Reality
4926,35,Comedy
4927,18,Drama
4927,35,Comedy
4929,16,Animation
4930,18,Drama
4930,10768,War & Politics
4931,99,Documentary
4933,16,Animation
4935,10765,Sci-Fi & Fantasy
4936,35,Comedy
4937,10759,Action & Adventure
4938,99,Documentary
4939,18,Drama
4940,10764,Reality
4941,16,Animation
4943,35,Comedy
4951,18,Drama
4952,35,Comedy
4955,10765,Sci-Fi & Fantasy
4955,9648,Mystery
4955,18,Drama
4955,10759,Action & Adventure
4956,16,Animation
4956,35,Comedy
4959,35,Comedy
4960,10763,News
4961,16,Animation
4961,10759,Action & Adventure
4963,18,Drama
4964,35,Comedy
4965,35,Comedy
4969,18,Drama
4969,35,Comedy
4970,16,Animation
4971,99,Documentary
4976,10764,Reality
4977,35,Comedy
4979,16,Animation
4979,35,Comedy
4981,18,Drama
4981,53,Thriller
4981,9648,Mystery
4981,80,Crime
4983,18,Drama
4984,16,Animation
4985,35,Comedy
4989,18,Drama
4989,35,Comedy
4992,18,Drama
4992,35,Comedy
4994,99,Documentary
4999,16,Animation
4999,35,Comedy
