ID,Trailer ID,Site,Size,Type,Name
1018,1,YouTube,1080,Featurette,Justin Theroux on the Magical Mysteries of David Lynch
1018,2,YouTube,360,Trailer,Trailer 1
1023,3,YouTube,360,Trailer,Subtitled trailer
1024,4,YouTube,720,Trailer,Trailer
1039,5,YouTube,480,Trailer,Trailer 1
1040,6,YouTube,360,Trailer,Trailer 1
1049,7,YouTube,480,Trailer,Trailer 1
1051,8,YouTube,1080,Featurette,Trailers From Hell
1051,9,YouTube,360,Trailer,Trailer
1051,10,YouTube,480,Featurette,Critics' Pick
1051,11,YouTube,720,Featurette,Trailers From Hell
1052,12,YouTube,480,Trailer,Trailer
1058,13,YouTube,1080,Trailer,Trailer
1058,14,YouTube,480,Trailer,Tv Trailer
1059,15,YouTube,1080,Featurette,Steven Berkoff on The Hidden Fortress
1059,16,YouTube,360,Trailer,Trailer 1
1059,17,YouTube,720,Featurette,Trailers From Hell
1073,18,YouTube,360,Trailer,Trailer
1088,19,YouTube,720,Trailer,Whale Rider - Official Theatrical trailer
1088,20,YouTube,360,Trailer,Trailer1
1089,21,YouTube,360,Trailer,Trailer 1
1089,22,YouTube,480,Trailer,Trailers From Hell
1090,23,YouTube,360,Trailer,Trailer 1
1091,24,YouTube,480,Trailer,TV Trailer
1091,25,YouTube,480,Trailer,Trailer
1091,26,YouTube,720,Featurette,Trailers From Hell
1092,27,YouTube,1080,Trailer,Trailer 1
1092,28,YouTube,720,Featurette,Trailers From Hell
1093,29,YouTube,720,Trailer,Original French Trailer
1103,30,YouTube,360,Trailer,Trailer 1
1103,31,YouTube,480,Trailer,Tv Trailer
1114,32,YouTube,360,Trailer,The Story Of The Weeping Camel (2003)
1115,33,YouTube,360,Trailer,Ghosts (2005) aka Gespenster - Trailer
1116,34,YouTube,360,Trailer,Trailer 1
1124,35,YouTube,720,Trailer,Trailer 1
1125,36,YouTube,720,Trailer,Trailer
1126,37,YouTube,360,Trailer,In My Father's Den (2004) Trailer
1162,38,YouTube,480,Trailer,Trailer 1
1164,39,YouTube,720,Trailer,Trailer 1
1165,40,YouTube,360,Trailer,Trailer 1
1213,41,YouTube,1080,Featurette,Trailers From Hell
1213,42,YouTube,480,Trailer,Trailer 1
1244,43,YouTube,480,Trailer,Trailer1
1244,44,YouTube,480,Trailer,Trailer 2
1245,45,YouTube,480,Trailer,Remains Of The Day Trailer 1993
1246,46,YouTube,1080,Featurette,Trailers From Hell
1246,47,YouTube,720,Trailer,Trailer #1
1247,48,YouTube,1080,Trailer,Trailer HD
1248,49,YouTube,720,Trailer,Trailer
1249,50,YouTube,1080,Trailer,Trailer HD
1249,51,YouTube,360,Trailer,Hollywoodland (2006)
1250,52,YouTube,360,Trailer,Trailer 1
1251,53,YouTube,720,Trailer,Trailer 1
1252,54,YouTube,360,Trailer,Lonely Hearts (2006)
1254,55,YouTube,360,Trailer,Trailer
1255,56,YouTube,360,Trailer,Us Trailer
1256,57,YouTube,360,Trailer,Dead In 3 Days (2006)
1257,58,YouTube,360,Trailer,1
1259,59,YouTube,720,Trailer,DVD Quality Trailer
1259,60,YouTube,480,Trailer,Trailer
1262,61,YouTube,360,Trailer,Trailer1
1264,62,YouTube,360,Trailer,Die Wilden Kerle 4 (German Trailer) 2007
1265,63,YouTube,720,Trailer,Trailer 1
1266,64,YouTube,720,Trailer,Trailer 1
1267,65,YouTube,360,Trailer,Meet The Robinsons (2007)
1268,66,YouTube,360,Trailer,Trailer 1
1271,67,YouTube,720,Trailer,Trailer Hd
1272,68,YouTube,720,Trailer,Extended Trailer
1273,69,YouTube,480,Trailer,Trailer
1277,70,YouTube,360,Trailer,Trailer 1
1279,71,YouTube,360,Trailer,Trailer 1
1280,72,YouTube,360,Trailer,Trailer
1281,73,YouTube,360,Trailer,Trailer 1
1282,74,YouTube,480,Trailer,Trailer1
1283,75,YouTube,360,Trailer,Torrente
1284,76,YouTube,480,Trailer,Trailer
1285,77,YouTube,720,Trailer,Trailer
1359,78,YouTube,360,Trailer,American Psycho - Trailer
1360,79,YouTube,720,Trailer,Trailer
1362,80,YouTube,360,Trailer,Fan Made Trailer
1363,81,YouTube,360,Trailer,Trailer 1
1364,82,YouTube,360,Trailer,Sex And Lucia (2001)   Spanish Trailer Subt. English
1365,83,YouTube,720,Trailer,Trailer
1366,84,YouTube,720,Trailer,Trailer
1366,85,YouTube,480,Trailer,Tv Promo
1367,86,YouTube,360,Trailer,Original Trailer
1368,87,YouTube,1080,Featurette,Trailers From Hell
1368,88,YouTube,360,Trailer,VHS Promo
1368,89,YouTube,720,Trailer,trailer
1369,90,YouTube,1080,Featurette,Trailers From Hell
1369,91,YouTube,360,Featurette,Critics' Pick
1369,92,YouTube,720,Trailer,Trailer
1370,93,YouTube,720,Trailer,VHS Promo
1370,94,YouTube,720,Trailer,Trailer
1371,95,YouTube,360,Trailer,Trailer 1
1372,96,YouTube,720,Trailer,Trailer 1
1373,97,YouTube,360,Trailer,The Discovery Of Heaven   Official Uk Dvd Trailer
1374,98,YouTube,360,Trailer,Trailer 1
1374,99,YouTube,480,Trailer,Tv Promo
1375,100,YouTube,720,Trailer,Trailer 1
1375,101,YouTube,480,Trailer,TV Promo
1376,102,YouTube,360,Trailer,Sweet Sixteen (2002)
1378,103,YouTube,480,Trailer,Trailer 1
1380,104,YouTube,360,Trailer,Trailer
1381,105,YouTube,720,Trailer,Trailer 2
1387,106,YouTube,360,Featurette,Full Movie
1389,107,YouTube,360,Trailer,Trailer 1
1391,108,YouTube,360,Trailer,Trailer
1392,109,YouTube,360,Trailer,Trailer
1392,110,YouTube,360,Trailer,Clip
1393,111,YouTube,360,Trailer,The Cave Of The Yellow Dog (2005)
1396,112,YouTube,360,Trailer,Trailer 1
1398,113,YouTube,360,Trailer,Trailer
1402,114,YouTube,360,Trailer,Trailer
1403,115,YouTube,360,Trailer,Trailer
1404,116,YouTube,360,Trailer,Trailer
1405,117,YouTube,360,Trailer,Trailer 1
1406,118,YouTube,720,Trailer,Trailer
1407,119,YouTube,360,Trailer,Trailer
1407,120,YouTube,360,Trailer,Trailer Fr
1408,121,YouTube,360,Trailer,Trailer
1410,122,YouTube,480,Trailer,Trailer 1
1411,123,YouTube,1080,Featurette,Trailers From Hell
1411,124,YouTube,480,Trailer,Trailer 1
1412,125,YouTube,360,Trailer,Trailer
1413,126,YouTube,480,Trailer,Trailer 1
1414,127,YouTube,360,Trailer,Los Amantes Del Círculo Polar (1998)   Spanish Trailer
1415,128,YouTube,360,Trailer,Trailer
1417,129,YouTube,720,Trailer,Trailer Hd
1418,130,YouTube,360,Trailer,Te Doy Mis Ojos (2003)
1419,131,YouTube,360,Trailer,Vollidiot (2007)
1420,132,YouTube,1080,Featurette,Rebecca Root on Breakfast on Pluto | BFI Flare
1420,133,YouTube,360,Trailer,Trailer1
1421,134,YouTube,360,Trailer,The Man Who Loved Women (1977)
1422,135,YouTube,720,Trailer,Trailer 1
1423,136,YouTube,360,Trailer,Trailer 1
1424,137,YouTube,360,Trailer,November (2004)
1427,138,YouTube,720,Trailer,Trailer
1428,139,YouTube,1080,Trailer,HD Trailer
1428,140,YouTube,360,Trailer,Trailer
1429,141,YouTube,720,Trailer,trailer
1430,142,YouTube,360,Trailer,Trailer 1
1433,143,YouTube,360,Trailer,Trailer
1433,144,YouTube,720,Featurette,Featurette
1435,145,YouTube,360,Trailer,Trailer 1
1436,146,YouTube,360,Trailer,Trailer 1
1439,147,YouTube,360,Trailer,Anna And The King
1440,148,YouTube,360,Trailer,Trailer
1441,149,YouTube,480,Trailer,Trailer 1
1442,150,YouTube,360,Trailer,Trailer
1443,151,YouTube,360,Trailer,Trailer
1448,152,YouTube,480,Trailer,Trailer 1
1450,153,YouTube,480,Trailer,Blood: The Last Vampire   Official Trailer
1452,154,YouTube,720,Trailer,Trailer 2
1479,155,YouTube,360,Trailer,Trailer
1479,156,YouTube,360,Clip,Clip
1480,157,YouTube,1080,Trailer,Trailer 2
1480,158,YouTube,360,Trailer,Trailer 1
1480,159,YouTube,480,Featurette,Critics' Picks
1480,160,YouTube,720,Featurette,Trailers From Hell
1485,161,YouTube,720,Trailer,Get Carter (1971) Official Trailer - Michael Caine
1488,162,YouTube,360,Trailer,Mongolian Ping Pong (2005)
1491,163,YouTube,480,Trailer,Trailer
1492,164,YouTube,480,Trailer,Trailer 1
1493,165,YouTube,720,Trailer,Trailer
1494,166,YouTube,360,Trailer,Official
1495,167,YouTube,360,Trailer,Trailer 1
1496,168,YouTube,720,Trailer,Trailer
1497,169,YouTube,720,Trailer,Trailer
1497,170,YouTube,360,Trailer,Trailer
1498,171,YouTube,480,Trailer,TV Trailer
1498,172,YouTube,720,Trailer,trailer
1499,173,YouTube,720,Trailer,Trailer 1
1499,174,YouTube,360,Trailer,Trailer
1523,175,YouTube,480,Trailer,Original Trailer
1534,176,YouTube,1080,Trailer,trailer
1537,177,YouTube,360,Trailer,Changing Lanes (2002)
1538,178,YouTube,480,Trailer,VHS Trailer
1538,179,YouTube,1080,Trailer,Trailer [UK]
1541,180,YouTube,360,Trailer,Trailer
1542,181,YouTube,480,Trailer,Trailer (Hq)
1543,182,YouTube,360,Trailer,Emma´S Glück (German Trailer) (2006)
1544,183,YouTube,360,Trailer,Imagine Me & You (2005)
1546,184,YouTube,360,Trailer,Trailer
1547,185,YouTube,360,Trailer,Trailer 1
1548,186,YouTube,720,Trailer,Trailer
1548,187,YouTube,480,Trailer,Trailer 2
1550,188,YouTube,360,Trailer,Trailer
1551,189,YouTube,360,Trailer,Flatliners (1990)
1552,190,YouTube,360,Trailer,Parenthood (1989)
1553,191,YouTube,720,Trailer,Trailer
1554,192,YouTube,720,Featurette,Three Reasons
1554,193,YouTube,480,Trailer,Trailer 1
1555,194,YouTube,360,Trailer,German Trailer
1555,195,YouTube,360,Trailer,English Language Trailer
1555,196,YouTube,360,Trailer,French Trailer
1557,197,YouTube,360,Trailer,23 (1998)
1560,198,YouTube,360,Trailer,Singapore Sling   Nikos Nikolaidis
1562,199,YouTube,720,Trailer,Trailer 1
1563,200,YouTube,360,Trailer,Sans Soleil - Chris Marker (trailer 30th anniversary)
1566,201,YouTube,1080,Trailer,Three Reasons
1567,202,YouTube,360,Trailer,Trailer
1571,203,YouTube,720,Trailer,Theatrical Trailer
1572,204,YouTube,720,Teaser,Teaser
1572,205,YouTube,480,Trailer,Official Theatrical Trailer
1573,206,YouTube,480,Trailer,Trailer 2
1573,207,YouTube,480,Trailer,Trailer 3
1573,208,YouTube,720,Teaser,Teaser
1573,209,YouTube,480,Trailer,Trailer 1
1574,210,YouTube,360,Trailer,Chicago (2002)
1576,211,YouTube,720,Trailer,Trailer
1577,212,YouTube,360,Trailer,Trailer 1
1578,213,YouTube,360,Trailer,Trailer 1
1578,214,YouTube,360,Trailer,Trailer 2
1579,215,YouTube,720,Trailer,Trailer
1580,216,YouTube,480,Trailer,Trailer 2
1580,217,YouTube,360,Trailer,Trailer 1
1580,218,YouTube,720,Featurette,Trailers From Hell
1581,219,YouTube,360,Trailer,Trailer
1584,220,YouTube,1080,Trailer,Official Trailer
1584,221,YouTube,360,Trailer,Trailer
1585,222,YouTube,360,Trailer,Trailer 1
1585,223,YouTube,480,Featurette,Jodie Foster On It's A Wonderful Life
1585,224,YouTube,480,Featurette,Critics' Pick
1585,225,YouTube,720,Featurette,Trailers From Hell
1585,226,YouTube,720,Featurette,Trailers From Hell #2
1585,227,YouTube,1080,Trailer,Trailer
1586,228,YouTube,720,Trailer,Trailer
1587,229,YouTube,480,Trailer,Trailer
1588,230,YouTube,720,Trailer,Trailer1
1590,231,YouTube,1080,Trailer,Copying Beethoven Trailer
1591,232,YouTube,360,Trailer,Nowhere In Africa (2001)
1592,233,YouTube,720,Trailer,Trailer 1
1594,234,YouTube,1080,Featurette,Trailers From Hell
1594,235,YouTube,360,Trailer,Trailer
1595,236,YouTube,360,Trailer,Land Of Plenty (2004)
1597,237,YouTube,360,Trailer,Trailer
1598,238,YouTube,360,Trailer,Original Trailer
1599,239,YouTube,480,Trailer,Trailer
1600,240,YouTube,720,Trailer,Trailer 1
1607,241,YouTube,360,Trailer,Trailer 1
1608,242,YouTube,360,Trailer,When Saturday Comes (1996)
1609,243,YouTube,360,Trailer,There's Only One Jimmy Grimble (2000)
1610,244,YouTube,360,Trailer,Trailer 1
1613,245,YouTube,360,Trailer,Trailer 1
1618,246,YouTube,480,Trailer,Trailer 1
1618,247,YouTube,720,Featurette,Trailers From Hell
1619,248,YouTube,360,Trailer,The Way Of The Gun (2000)
1620,249,YouTube,720,Trailer,Trailer 1
1621,250,YouTube,480,Trailer,Trailer
1622,251,YouTube,360,Trailer,trailer (English subtitles)
1623,252,YouTube,360,Trailer,Trailer
1624,253,YouTube,360,Trailer,Trailer 1
1626,254,YouTube,720,Trailer,Trailer 1
1627,255,YouTube,360,Trailer,The Wild Child (1970)
1628,256,YouTube,480,Featurette,Critics' Picks
1628,257,YouTube,720,Featurette,Featurette
1628,258,YouTube,480,Trailer,Trailer
1630,259,YouTube,480,Trailer,Trailer 1
1631,260,YouTube,360,Trailer,Clip
1632,261,YouTube,360,Trailer,Trailer 2
1633,262,YouTube,480,Trailer,Fried Green Tomatoes Trailer 1991
1634,263,YouTube,360,Trailer,Trailer
1635,264,YouTube,720,Trailer,The Island (2005) (Trailer)
1636,265,YouTube,480,Trailer,Trailer 1
1637,266,YouTube,360,Trailer,Trailer 1
1639,267,YouTube,360,Trailer,Trailer 1
1640,268,YouTube,360,Trailer,Trailer 1
1641,269,YouTube,360,Trailer,Forces Of Nature (1999)
1642,270,YouTube,360,Trailer,Trailer 1
1643,271,YouTube,360,Trailer,Trailer
1643,272,YouTube,720,Featurette,Featurette
1644,273,YouTube,480,Trailer,Trailer 1
1645,274,YouTube,720,Trailer,Trailer 1
1646,275,YouTube,360,Trailer,Freedom Writers (2007)
1647,276,YouTube,360,Trailer,Trailer (Full)
1648,277,YouTube,720,Trailer,Trailer Hd
1649,278,YouTube,360,Trailer,Trailer
1651,279,YouTube,360,Trailer,Original Trailer
1652,280,YouTube,360,Trailer,Trailer
1653,281,YouTube,720,Trailer,trailer
1654,282,YouTube,720,Trailer,Dirty Dozen 1967
1655,283,YouTube,360,Trailer,Trailer
1656,284,YouTube,360,Trailer,Trailer 1
1659,285,YouTube,360,Trailer,Trailer
1660,286,YouTube,360,Trailer,Small Change (1976)
1661,287,YouTube,360,Trailer,Trailer
1663,288,YouTube,360,Trailer,Trailer German 01
1665,289,YouTube,360,Trailer,Trailer 1
1666,290,YouTube,720,Trailer,trailer
1667,291,YouTube,360,Trailer,March Of The Penguins (2005)
1669,292,YouTube,360,Trailer,Trailer 1
1669,293,YouTube,720,Trailer,Trailer 2
1672,294,YouTube,360,Trailer,Theatrical Trailer
1673,295,YouTube,1080,Trailer,Trailers From Hell
1673,296,YouTube,480,Trailer,Trailer 1
1675,297,YouTube,360,Trailer,Trailer 1
1675,298,YouTube,720,Featurette,Trailers From Hell
1676,299,YouTube,480,Trailer,Trailer 1
1676,300,YouTube,360,Featurette,Behind The Scenes Look
1677,301,YouTube,720,Trailer,Trailer 1
1678,302,YouTube,360,Trailer,Trailer
1678,303,YouTube,720,Featurette,Three Reasons
1678,304,YouTube,720,Featurette,Trailers From Hell
1679,305,YouTube,480,Trailer,Trailer
1680,306,YouTube,480,Trailer,German trailer
1680,307,YouTube,360,Trailer,Trailer 1
1680,308,YouTube,720,Featurette,Trailers From Hell
1682,309,YouTube,720,Featurette,Trailers From Hell
1682,310,YouTube,360,Trailer,Trailer 1
1683,311,YouTube,360,Trailer,Trailer 1
1684,312,YouTube,360,Trailer,Trailer
1685,313,YouTube,360,Trailer,Trailer
1685,314,YouTube,720,Featurette,Trailers From Hell
1687,315,YouTube,360,Trailer,Trailer
1688,316,YouTube,360,Trailer,Trailer
1689,317,YouTube,360,Trailer,Trailer
1690,318,YouTube,360,Trailer,Trailer 1
1691,319,YouTube,360,Trailer,Trailer
1694,320,YouTube,720,Trailer,Trailer 1
1696,321,YouTube,360,Trailer,Trailer 1
1697,322,YouTube,480,Trailer,Trailer
1698,323,YouTube,360,Trailer,Trailer (German)
1700,324,YouTube,480,Trailer,TV Trailer
1700,325,YouTube,720,Trailer,trailer
1701,326,YouTube,1080,Trailer,Trailer
1701,327,YouTube,360,Teaser,Trailer
1702,328,YouTube,360,Trailer,Trailer 1
1705,329,YouTube,720,Featurette,Trailers From Hell
1710,330,YouTube,360,Trailer,Trailer 1
1712,331,YouTube,480,Trailer,Giant (1956) Official Trailer
1712,332,YouTube,360,Trailer,Trailer 1
1713,333,YouTube,360,Trailer,Trailer 1
1714,334,YouTube,360,Trailer,Trailer 1
1715,335,YouTube,720,Trailer,Trailer 1
1716,336,YouTube,360,Trailer,The Last Metro Trailer
1717,337,YouTube,480,Trailer,Trailer
1718,338,YouTube,480,Trailer,Trailer 1
1719,339,YouTube,360,Trailer,La Peau Douce (1964)   French Extract
1720,340,YouTube,360,Trailer,Nói Albinói
1722,341,YouTube,720,Trailer,Trailer (Italian)
1722,342,YouTube,360,Trailer,Traile (240p)
1723,343,YouTube,360,Trailer,The Front (1976)   Last Scene
1724,344,YouTube,1080,Featurette,The Incredible Hulk Featurette
1724,345,YouTube,720,Trailer,Trailer 2
1724,346,YouTube,720,Trailer,Trailer
1725,347,YouTube,480,Featurette,Actress Rita Moreno On Breaking All The Rules In West Side Story
1725,348,YouTube,720,Featurette,Trailers From Hell
1725,349,YouTube,720,Trailer,Trailer 1
1726,350,YouTube,720,Trailer,Trailer
1726,351,YouTube,480,Featurette,Critics' Pick
1727,352,YouTube,360,Trailer,Trailer
1729,353,YouTube,360,Trailer,The Forbidden Kingdom (2008)
1729,354,YouTube,480,Featurette,Critics' Pick
1730,355,YouTube,360,Trailer,Trailer
1731,356,YouTube,360,Trailer,Trailer 1
1734,357,YouTube,360,Trailer,The Mummy Returns (2001)
1735,358,YouTube,360,Trailer,Trailer
1736,359,YouTube,720,Trailer,Trailer
1770,360,YouTube,480,Trailer,Trailer
1771,361,YouTube,1080,Teaser,TV Spot 1
1771,362,YouTube,1080,Trailer,Official Trailer 2
1771,363,YouTube,1080,Trailer,Official Trailer
1774,364,YouTube,360,Trailer,Trailer
1775,365,YouTube,360,Trailer,Canadian Bacon (1995)
1776,366,YouTube,360,Trailer,Trailer
1777,367,YouTube,720,Trailer,Trailer 1
1779,368,YouTube,360,Trailer,Trailer
1781,369,YouTube,360,Trailer,Trailer
1782,370,YouTube,360,Trailer,Trailer 1
1783,371,YouTube,360,Trailer,Trailer 1
1786,372,YouTube,360,Trailer,Trailer 1
1787,373,YouTube,360,Featurette,Critics' Pick
1788,374,YouTube,720,Trailer,Trailer 1
1789,375,YouTube,480,Trailer,Trailer 1
1790,376,YouTube,360,Trailer,Trailer 1
1791,377,YouTube,360,Trailer,Trailer
1792,378,YouTube,360,Trailer,Stuck On You (2003)
1803,379,YouTube,360,Trailer,Trailer
1807,380,YouTube,720,Trailer,Trailer 1
1808,381,YouTube,360,Trailer,Trailer
1808,382,YouTube,720,Trailer,Trailer 2
1809,383,YouTube,480,Trailer,Trailer1
1810,384,YouTube,360,Trailer,Trailer 1
1811,385,YouTube,480,Trailer,Nowhere (1997) Hq Trailer   Gregg Araki
1812,386,YouTube,480,Trailer,Trailer 1
1813,387,YouTube,720,Trailer,Trailer 1
1816,388,YouTube,360,Trailer,A Chorus Line (1985)
1816,389,YouTube,480,Trailer,Tv Trailer
1817,390,YouTube,360,Trailer,Trailer 1
1818,391,YouTube,480,Trailer,Trailer 1
1819,392,YouTube,360,Trailer,Trailer
1824,393,YouTube,360,Trailer,Trailer
1825,394,YouTube,360,Trailer,Over The Top (1987)
1826,395,YouTube,360,Trailer,Russian Dolls (2005)
1826,396,YouTube,360,Trailer,French Trailer
1829,397,YouTube,360,Trailer,The Story Of Adele H (1975)
1830,398,YouTube,1080,Trailer,Official Trailer
1830,399,YouTube,480,Trailer,Trailer 1
1830,400,YouTube,720,Trailer,Trailer 2
1831,401,YouTube,360,Trailer,The Next Best Thing (2000)
1832,402,YouTube,360,Trailer,Trailer 1
1833,403,YouTube,360,Trailer,Rent (2005)
1834,404,YouTube,480,Trailer,Trailer 1
1835,405,YouTube,480,Trailer,Trailer
1836,406,YouTube,720,Trailer,In My Skin (2002)
1840,407,YouTube,480,Trailer,Trailer 1
1841,408,YouTube,360,Trailer,Original Trailer
1841,409,YouTube,720,Featurette,Trailers From Hell
1842,410,YouTube,480,Trailer,Trailer 1
1843,411,YouTube,360,Trailer,Trailer 1
1844,412,YouTube,480,Trailer,Official Theatrical Trailer
1844,413,YouTube,360,Trailer,Trailer
1845,414,YouTube,720,Trailer,trailer
1846,415,YouTube,480,Trailer,Trailer 1
1847,416,YouTube,360,Trailer,Theatrical Trailer
1847,417,YouTube,720,Featurette,Trailers From Hell
1850,418,YouTube,480,Trailer,Trailer 1
1850,419,YouTube,480,Trailer,VHS Trailer
1851,420,YouTube,480,Trailer,Trailer 1
1852,421,YouTube,720,Trailer,Trailer
1858,422,YouTube,720,Trailer,Trailer 2
1859,423,YouTube,360,Trailer,Trailer
1861,424,YouTube,360,Trailer,Trailer 1
1865,425,YouTube,1080,Trailer,Official Trailer
1870,426,YouTube,360,Trailer,Fantômas Se Déchaîne
1871,427,YouTube,360,Trailer,Trailer 1
1872,428,YouTube,360,Trailer,Trailer 1
1873,429,YouTube,360,Trailer,Trailer
1878,430,YouTube,360,Trailer,Trailer
1878,431,YouTube,720,Featurette,Three Reasons
1879,432,YouTube,360,Trailer,Guess Who's Coming To Dinner (1967)
1880,433,YouTube,360,Trailer,Trailer
1883,434,YouTube,360,Trailer,Malcolm X (1992)
1883,435,YouTube,480,Featurette,Critics' Pick
1884,436,YouTube,360,Trailer,Trailer
1885,437,YouTube,360,Trailer,Trailer
1887,438,YouTube,360,Trailer,Trailer
1887,439,YouTube,360,Trailer,Critics' Pick
1888,440,YouTube,360,Trailer,The Fortune Cookie (1966)
1888,441,YouTube,720,Featurette,Trailers From Hell
1890,442,YouTube,480,Trailer,Trailer 1
1891,443,YouTube,1080,Teaser,Vivaldi Teaser
1891,444,YouTube,1080,Trailer,Original Trailer
1891,445,YouTube,480,Trailer,TV Trailer
1891,446,YouTube,480,Trailer,TV Trailer 2
1891,447,YouTube,480,Trailer,TV Trailer 3
1891,448,YouTube,720,Trailer,Trailer 1
1892,449,YouTube,720,Trailer,Theatrical Trailer
1893,450,YouTube,720,Trailer,Trailer 1
1893,451,YouTube,720,Trailer,Trailer 2
1894,452,YouTube,720,Trailer,Trailer Hd
1895,453,YouTube,720,Trailer,Trailer
1896,454,YouTube,360,Trailer,Trailer 1
1901,455,YouTube,360,Trailer,Trailer 1
1902,456,YouTube,360,Trailer,Abre Los Ojos (1997)   Spanish Trailer
1903,457,YouTube,360,Trailer,Trailer 1
1904,458,YouTube,720,Trailer,Memoirs of a Geisha - Official Trailer
1907,459,YouTube,720,Trailer,The Beach Official (2000)
1907,460,YouTube,360,Trailer,Trailer
1908,461,YouTube,360,Trailer,Trailer 1
1908,462,YouTube,720,Featurette,Trailers From Hell
1912,463,YouTube,360,Trailer,Trailer 1
1913,464,YouTube,480,Trailer,Trailer
1917,465,YouTube,360,Trailer,Who Killed Bambi? (English Subtitles)
1920,466,YouTube,480,Clip,Clip 1
1922,467,YouTube,360,Trailer,Trailer
1923,468,YouTube,360,Trailer,Twin Peaks: Fire Walk With Me (1992)
1923,469,YouTube,480,Trailer,Tv Promo
1924,470,YouTube,480,Trailer,Trailer
1924,471,YouTube,480,Trailer,Tv Trailer
1924,472,YouTube,720,Trailer,Trailer 2
1924,473,YouTube,720,Trailer,Teaser Trailer
1927,474,YouTube,480,Trailer,Trailer 1
1927,475,YouTube,720,Trailer,Trailer 2
1930,476,YouTube,720,Trailer,The Amazing Spider-Man
1930,477,YouTube,1080,Trailer,Official Trailer
1931,478,YouTube,360,Trailer,Trailer 1
1933,479,YouTube,360,Trailer,Trailer 1
1933,480,YouTube,1080,Trailer,Trailer
1934,481,YouTube,360,Trailer,Shakespeare in Love - Trailer
1935,482,YouTube,360,Trailer,Les Soeurs Fâchées (2004)
1936,483,YouTube,360,Trailer,River Of No Return (1954)
1937,484,YouTube,360,Trailer,Bonjour Tristesse (1958) Trailer
1938,485,YouTube,720,Trailer,Trailer 1
1939,486,YouTube,480,Trailer,Trailer 2
1941,487,YouTube,360,Trailer,Exodus (1960)
1944,488,YouTube,360,Trailer,The Door In The Floor (2004)
1945,489,YouTube,360,Trailer,Nell (1994)
1946,490,YouTube,360,Trailer,Trailer 1
1947,491,YouTube,480,Trailer,Official Theatrical Trailer
1948,492,YouTube,360,Trailer,Trailer 1
1949,493,YouTube,720,Trailer,Trailer
1951,494,YouTube,360,Trailer,Trailer 1
1951,495,YouTube,720,Trailer,Manderlay (2005) Trailer
1954,496,YouTube,720,Trailer,Trailer
1955,497,YouTube,480,Trailer,The Elephant Man 1980 TV trailer
1955,498,YouTube,480,Trailer,Trailer
1955,499,YouTube,360,Trailer,Trailer 1
1955,500,YouTube,480,Featurette,Trailers From Hell
1955,501,YouTube,480,Trailer,Trailer 2
1957,502,YouTube,360,Trailer,Trailer 1
1958,503,YouTube,720,Trailer,8 Women - Trailer
1961,504,YouTube,360,Trailer,Trailer
1961,505,YouTube,360,Trailer,Trailer
1962,506,YouTube,720,Trailer,Love in Thoughts trailer
1963,507,YouTube,360,Trailer,The Bow
1965,508,YouTube,720,Trailer,Trailer
1966,509,YouTube,720,Trailer,Trailer 2
1966,510,YouTube,720,Trailer,Trailer 1
1967,511,YouTube,360,Trailer,Trailer 1
1968,512,YouTube,360,Trailer,Fools Rush In Trailer
1969,513,YouTube,720,Trailer,Trailer1 (Foreign Subs)
1970,514,YouTube,360,Trailer,The Grudge
1975,515,YouTube,360,Trailer,The Grudge 2 (2006)
1976,516,YouTube,360,Trailer,Jezebel (1938)
1976,517,YouTube,480,Trailer,Trailer 2
1977,518,YouTube,360,Trailer,Trailer 2
1978,519,YouTube,360,Trailer,Original Trailer
1979,520,YouTube,720,Trailer,Trailer 2
1979,521,YouTube,1080,Trailer,Trailer 1 HD
1985,522,YouTube,360,Trailer,Trailer
1986,523,YouTube,360,Trailer,Trailer
1988,524,YouTube,360,Trailer,Tv Spot
1988,525,YouTube,720,Trailer,Trailer
1989,526,YouTube,480,Featurette,Critics' Pick
1989,527,YouTube,360,Trailer,Trailer 1
1990,528,YouTube,360,Trailer,Paranoid Park (2007)
1991,529,YouTube,1080,Trailer,Trailer
1992,530,YouTube,360,Trailer,Trailler 1
1994,531,YouTube,480,Trailer,Home Made trailer
1995,532,YouTube,360,Trailer,Trailer1
1996,533,YouTube,720,Trailer,Official Trailer 1
1997,534,YouTube,360,Trailer,Official Trailer
1999,535,YouTube,360,Trailer,In The Bedroom (2001)
2000,536,YouTube,720,Trailer,Trailer 1
2000,537,YouTube,480,Trailer,Trailer 2
2001,538,YouTube,720,Trailer,Traile
2002,539,YouTube,360,Trailer,Trailer
2004,540,YouTube,360,Trailer,Kebab Connection   Trailer Español
2004,541,YouTube,360,Trailer,Trailer 1
2005,542,YouTube,480,Trailer,Trailer
2006,543,YouTube,1080,Trailer,Original trailer
2006,544,YouTube,720,Featurette,Trailers From Hell
2007,545,YouTube,360,Trailer,Lorenzo's Oil (1992)
2008,546,YouTube,1080,Trailer,Wu Ji: The Promise
2009,547,YouTube,360,Trailer,Trailer 1
2010,548,YouTube,360,Trailer,The Mourning Forest
2011,549,YouTube,360,Trailer,Trailer 1
2012,550,YouTube,360,Trailer,Trailer Luz Silenciosa
2013,551,YouTube,1080,Trailer,Trailer
2014,552,YouTube,360,Trailer,Trailer
2014,553,YouTube,480,Featurette,Critics' Pick
2015,554,YouTube,360,Trailer,Trailer
2016,555,YouTube,360,Trailer,Trailer 1
2017,556,YouTube,360,Trailer,No Good Deed   Official Trailer
2018,557,YouTube,360,Trailer,Traler
2019,558,YouTube,480,Trailer,J.C.V.D - Hard Target [1993] - Trailer (Full HD 1080p)
2020,559,YouTube,360,Trailer,The Bachelor (1999)
2021,560,YouTube,480,Trailer,Jack And Sarah Trailer 1995
2022,561,YouTube,360,Trailer,Trailer 1
2023,562,YouTube,720,Trailer,Trailer
2024,563,YouTube,360,Trailer,Trailer 1
2028,564,YouTube,360,Trailer,Trailer
2032,565,YouTube,360,Trailer,Trailer 1
2033,566,YouTube,480,Trailer,Trailer 1
2034,567,YouTube,720,Trailer,Trailer 1
2036,568,YouTube,480,Trailer,Trailer 1
2036,569,YouTube,480,Trailer,Trailer 2
2039,570,YouTube,360,Trailer,Trailer
2042,571,YouTube,480,Trailer,Trailer 1
2043,572,YouTube,480,Trailer,Trailer
2044,573,YouTube,360,Trailer,The Lake House (2006)
2045,574,YouTube,480,Trailer,Trailer 1
2047,575,YouTube,480,Trailer,Trailer 1
2048,576,YouTube,360,Trailer,Trailer 1
2049,577,YouTube,360,Trailer,Trailer
2054,578,YouTube,360,Trailer,Richard Dreyfuss In Mr. Holland's Opus
2055,579,YouTube,360,Trailer,Trailer1
2056,580,YouTube,1080,Trailer,Trailer 1
2057,581,YouTube,360,Trailer,Original Sin (2001)
2058,582,YouTube,360,Trailer,Addicted To Love (1997)
2059,583,YouTube,360,Trailer,Trailer1
2061,584,YouTube,360,Trailer,Trailer
2062,585,YouTube,720,Trailer,Trailer 1
2064,586,YouTube,360,Trailer,Trailer 1
2067,587,YouTube,360,Trailer,Trailer
2069,588,YouTube,480,Trailer,Trailer 1
2071,589,YouTube,360,Trailer,Shattered (1991)
2074,590,YouTube,1080,Trailer,Trailer 1
2075,591,YouTube,360,Trailer,Prizzi's Honor (1985)
2077,592,YouTube,720,Clip,The Rink
2080,593,YouTube,720,Trailer,Trailer 1
2082,594,YouTube,360,Trailer,Hallowen (2007)
2084,595,YouTube,360,Trailer,Birthday Girl (2001)
2085,596,YouTube,480,Trailer,Trailer 2
2085,597,YouTube,360,Trailer,Romeo Must Die (2000)
2086,598,YouTube,480,Trailer,Trailer 1
2087,599,YouTube,360,Trailer,The Getaway (1994)
2088,600,YouTube,360,Trailer,Tv Promo
2088,601,YouTube,480,Trailer,Trailer 1
2089,602,YouTube,360,Trailer,Cutaway (2000) [Trailer]
2091,603,YouTube,360,Trailer,The Badge (2002)
2093,604,YouTube,360,Trailer,Trailer
2094,605,YouTube,480,Trailer,Trailer 1
2097,606,YouTube,480,Trailer,International Trailer
2098,607,YouTube,480,Trailer,Trailer 1
2098,608,YouTube,720,Featurette,Trailers From Hell
2099,609,YouTube,360,Trailer,Trailer 1
2099,610,YouTube,480,Trailer,Tv Trailer
2100,611,YouTube,720,Trailer,The Last Castle
2103,612,YouTube,360,Trailer,Internet Exclusive
2105,613,YouTube,480,Trailer,Official Trailer
2107,614,YouTube,360,Trailer,Trailer
2108,615,YouTube,1080,Featurette,John Hughes Talks About Casting
2108,616,YouTube,360,Trailer,Official
2108,617,YouTube,720,Featurette,Critics' Pick
2108,618,YouTube,480,Trailer,Tv Trailer
2109,619,YouTube,720,Trailer,Trailer Hd
2110,620,YouTube,360,Trailer,Wasabi (2001)
2112,621,YouTube,480,Trailer,Trailer 2
2114,622,YouTube,360,Trailer,Trailer 2
2115,623,YouTube,720,Trailer,Light of Day Trailer
2116,624,YouTube,720,Trailer,Trailer
2117,625,YouTube,360,Trailer,Trailer
2118,626,YouTube,720,Trailer,Trailer Hd
2119,627,YouTube,360,Trailer,Trailer 1
2122,628,YouTube,360,Trailer,The Whole Ten Yards Trailer
2123,629,YouTube,480,Trailer,Trailer (480p)
2124,630,YouTube,360,Trailer,Color Of Night (1994)
2125,631,YouTube,720,Trailer,Wedlock - Trailer
2131,632,YouTube,480,Trailer,Trailer 1
2133,633,YouTube,360,Trailer,Trailer
2134,634,YouTube,480,Trailer,Trailer 2
2134,635,YouTube,480,Trailer,Trailer 1
2134,636,YouTube,720,Featurette,Trailers From Hell
2135,637,YouTube,720,Trailer,Trailer
2140,638,YouTube,720,Trailer,Trailer
2142,639,YouTube,1080,Trailer,Trailer
2143,640,YouTube,480,Trailer,Trailer 1
2148,641,YouTube,480,Trailer,Trailer 1
2148,642,YouTube,480,Trailer,Tv Trailer
2149,643,YouTube,360,Trailer,Trailer
2153,644,YouTube,1080,Trailer,Trailer
2154,645,YouTube,480,Trailer,Trailer 1
2155,646,YouTube,1080,Trailer,Trailer
2157,647,YouTube,360,Trailer,Trailer
2160,648,YouTube,480,Trailer,Trailer
2161,649,YouTube,1080,Trailer,Official Trailer
2162,650,YouTube,360,Trailer,Chill Factor (1999)
2163,651,YouTube,480,Trailer,Official Theatrical Trailer
2164,652,YouTube,480,Trailer,Trailer 1
2165,653,YouTube,360,Trailer,Liberty Stands Still (2002)
2168,654,YouTube,360,Trailer,2:37 (2006)
2169,655,YouTube,360,Trailer,Trailer
2171,656,YouTube,360,Trailer,Trailer
2172,657,YouTube,720,Trailer,Trailer
2176,658,YouTube,1080,Trailer,trailer
2179,659,YouTube,360,Trailer,Official Trailer
2182,660,YouTube,720,Trailer,Extended Trailer
2185,661,YouTube,360,Trailer,Big Trouble (2002)
2189,662,YouTube,360,Trailer,Trailer
2191,663,YouTube,360,Trailer,Trailer
2193,664,YouTube,360,Trailer,My Tutor (Original Theatrical Trailer)
2196,665,YouTube,360,Trailer,Trailer 1
2197,666,YouTube,360,Trailer,Trailer 1
2202,667,YouTube,360,Trailer,Trailer 1
2204,668,YouTube,360,Trailer,Alice In The Cities (1974)
2207,669,YouTube,720,Trailer,16 Blocks Trailer HD
2210,670,YouTube,480,Trailer,Official Theatrical Trailer
2211,671,YouTube,480,Trailer,Trailer
2212,672,YouTube,480,Trailer,Trailer 1
2239,673,YouTube,360,Trailer,Trailer1
2246,674,YouTube,480,Trailer,Trailer 1
2252,675,YouTube,1080,Trailer,Trailer
2253,676,YouTube,1080,Trailer,Valkyrie Official Trailer #1
2253,677,YouTube,360,Trailer,Trailer
2255,678,YouTube,720,Trailer,Trailer Hd
2255,679,YouTube,1080,Trailer,Trailer 1
2259,680,YouTube,480,Trailer,Trailer 1
2260,681,YouTube,480,Trailer,Trailer 1
2261,682,YouTube,480,Trailer,Official Trailer
2262,683,YouTube,480,Trailer,Trailer 1
2263,684,YouTube,360,Trailer,Music Box (1989)
2266,685,YouTube,360,Trailer,Paris
2267,686,YouTube,720,Trailer,Trailer 1
2268,687,YouTube,720,Trailer,Trailer
2269,688,YouTube,360,Trailer,Trailer 1
2270,689,YouTube,720,Trailer,Trailer Hd
2274,690,YouTube,720,Trailer,Trailer
2275,691,YouTube,360,Teaser,Official Teaser
2275,692,YouTube,480,Trailer,Theatrical Trailer
2277,693,YouTube,720,Trailer,Trailer Hd
2280,694,YouTube,360,Trailer,Trailer 1
2282,695,YouTube,360,Trailer,A nos amours (1983) aka To Our Loves - Trailer
2284,696,YouTube,360,Trailer,Trailer 1
2286,697,YouTube,360,Trailer,Kreuzzug In Jeans (2008)
2289,698,YouTube,360,Trailer,trailer 2
2289,699,YouTube,720,Trailer,Trailer
2291,700,YouTube,720,Trailer,Trailer
2291,701,YouTube,480,Trailer,Trailer 2
2292,702,YouTube,720,Trailer,Trailer Hd
2293,703,YouTube,360,Trailer,Trailer 1
2294,704,YouTube,720,Trailer,Trailer
2295,705,YouTube,360,Trailer,Trailer
2297,706,YouTube,480,Trailer,Trailer 1
2300,707,YouTube,720,Trailer,Trailer
2302,708,YouTube,360,Trailer,Trailer 1
2304,709,YouTube,480,Trailer,L'homme blessé - Trailer
2309,710,YouTube,360,Trailer,Trailer 1
2310,711,YouTube,1080,Trailer,Theatrical Trailer
2312,712,YouTube,720,Trailer,Trailer
2319,713,YouTube,360,Trailer,The Dust Factory (2004) trailer
2320,714,YouTube,720,Trailer,Official Theatrical Trailer
2321,715,YouTube,360,Trailer,Home Video Trailer
2322,716,YouTube,360,Trailer,Trailer
2322,717,YouTube,720,Featurette,Trailers From Hell
2323,718,YouTube,360,Trailer,Trailer 1
2324,719,YouTube,720,Trailer,Local Color Trailer
2325,720,YouTube,360,Trailer,Trailer 1
2330,721,YouTube,720,Trailer,Trailer 1
2332,722,YouTube,360,Trailer,Theatrical
2333,723,YouTube,360,Trailer,Die Buddenbrooks (2008)   German Trailer
2334,724,YouTube,360,Trailer,Taxi 3
2335,725,YouTube,360,Trailer,trailer1
2349,726,YouTube,480,Trailer,Trailer1
2355,727,YouTube,720,Trailer,Trailer 1
2357,728,YouTube,360,Trailer,10 Items Or Less (2006)
2359,729,YouTube,360,Trailer,Trailer 1
2360,730,YouTube,360,Trailer,Saving Grace (2000)
2362,731,YouTube,720,Featurette,Trailers From Hell
2370,732,YouTube,480,Trailer,Trailer 1
2383,733,YouTube,360,Trailer,The Bear (1988)
2383,734,YouTube,480,Featurette,Tv Open
2395,735,YouTube,480,Trailer,Trailer
2413,736,YouTube,360,Trailer,Trailer 1
2428,737,YouTube,720,Trailer,Trailer 1
2433,738,YouTube,1080,Trailer,Trailer 2
2433,739,YouTube,480,Trailer,Trailer 1
2436,740,YouTube,480,Trailer,Trailer 1
2438,741,YouTube,480,Trailer,Trailer 1
2440,742,YouTube,360,Trailer,Trailer English Subtitles
2441,743,YouTube,360,Trailer,Cows (1992)
2442,744,YouTube,480,Trailer,Trailer 1
2443,745,YouTube,480,Trailer,Trailer 1
2444,746,YouTube,360,Trailer,La Ardilla Roja (1993)   Spanish Trailer
2447,747,YouTube,720,Trailer,Trailer 1
2453,748,YouTube,360,Trailer,Trailer
2454,749,YouTube,720,Trailer,Trailer
2454,750,YouTube,480,Featurette,Critics' Pick
2455,751,YouTube,480,Trailer,Trailer 1
2457,752,YouTube,720,Trailer,Trailer 1
2457,753,YouTube,720,Featurette,Three Reasons
2457,754,YouTube,720,Featurette,Trailers From Hell
2460,755,YouTube,360,Trailer,Tierra (1996)
2463,756,YouTube,360,Trailer,Running out of Time Trailer
2469,757,YouTube,360,Trailer,Official Trailer
2470,758,YouTube,480,Trailer,The Age Of Beauty
2486,759,YouTube,720,Trailer,Trailer Hd
2487,760,YouTube,720,Trailer,Trailer
2493,761,YouTube,720,Trailer,Trailer Hd
2501,762,YouTube,360,Trailer,Trailer 1
2502,763,YouTube,480,Trailer,Trailer 1
2502,764,YouTube,1080,Trailer,Official Trailer (1080p)
2503,765,YouTube,720,Trailer,Theatrical Trailer 1 (720p)
2503,766,YouTube,720,Trailer,Theatrical Trailer 2 (720p)
2516,767,YouTube,1080,Featurette,Trailers From Hell
2516,768,YouTube,480,Trailer,Trailer 1
2517,769,YouTube,360,Trailer,Nobody Knows
2525,770,YouTube,480,Trailer,Trailer 1
2526,771,YouTube,480,Trailer,TV Promo
2527,772,YouTube,360,Trailer,This Man Must Die (1969)
2528,773,YouTube,360,Trailer,Madame Bovary (1991) Trailer
2539,774,YouTube,1080,Trailer,Trailer
2546,775,YouTube,1080,Trailer,Three Reasons
2565,776,YouTube,360,Trailer,Joe Versus The Volcano (1990)
2567,777,YouTube,360,Trailer,Trailer
2575,778,YouTube,480,Trailer,Trailer 1
2577,779,YouTube,720,Trailer,Trailer
2588,780,YouTube,360,Trailer,Trailer 1
2594,781,YouTube,360,Trailer,Monsieur Batignole (English Subtitles) 2002
2604,782,YouTube,480,Trailer,Trailer Hq
2604,783,YouTube,480,Trailer,Tv Trailer
2605,784,YouTube,480,Trailer,Trailer
2608,785,YouTube,360,Trailer,Trailer
2609,786,YouTube,480,Trailer,Trailer 1
2610,787,YouTube,360,Trailer,Shopgirl (2005)
2611,788,YouTube,720,Trailer,Trailer
2612,789,YouTube,360,Trailer,Tv Promo
2613,790,YouTube,360,Trailer,Theatrical Trailer
2614,791,YouTube,720,Trailer,Trailer 1
2616,792,YouTube,360,Trailer,Trailer 1
2617,793,YouTube,360,Trailer,Trailer 1
2619,794,YouTube,360,Trailer,Splash (1984)
2620,795,YouTube,480,Trailer,TV Trailer
2620,796,YouTube,480,Trailer,TV Trailer 2
2620,797,YouTube,360,Trailer,Trailer 1
2621,798,YouTube,360,Trailer,Return To Me (2000)
2623,799,YouTube,360,Trailer,Trailer
2623,800,YouTube,480,Trailer,Tv Trailer
2625,801,YouTube,360,Trailer,Mr. Jones (1993)
2636,802,YouTube,480,Trailer,Trailer
2637,803,YouTube,480,Trailer,Trailer
2639,804,YouTube,360,Trailer,Deconstructing Harry (1997)
2640,805,YouTube,480,Trailer,Trailer 1
2640,806,YouTube,720,Featurette,Trailers From Hell
2642,807,YouTube,360,Trailer,Two Weeks Notice (2002)
2644,808,YouTube,360,Trailer,Trailer Dubbed in English
2649,809,YouTube,1080,Teaser,Teaser Trailer
2649,810,YouTube,1080,Trailer,Trailer
2649,811,YouTube,720,Featurette,Three Reasons
2652,812,YouTube,360,Trailer,Trailer 1
2654,813,YouTube,360,Trailer,Trailer
2655,814,YouTube,360,Trailer,trailer
2657,815,YouTube,720,Trailer,Trailer Hd
2661,816,YouTube,480,Trailer,Trailer 1
2661,817,YouTube,720,Featurette,Trailers From Hell
2662,818,YouTube,480,Trailer,Trailer 2
2662,819,YouTube,360,Trailer,House Of 1000 Corpses (2003)
2665,820,YouTube,480,Trailer,Trailer 1
2665,821,YouTube,480,Trailer,Tv Trailer
2666,822,YouTube,360,Trailer,Trailer
2667,823,YouTube,360,Trailer,Trailer
2667,824,YouTube,720,Featurette,Featurette
2668,825,YouTube,360,Trailer,Trailer
2669,826,YouTube,360,Trailer,Trailer
2670,827,YouTube,720,Trailer,Trailer Hd
2671,828,YouTube,360,Trailer,Trailer1
2675,829,YouTube,360,Trailer,Trailler 1
2690,830,YouTube,480,Trailer,Trailer 1
2696,831,YouTube,360,Trailer,Trailer
2698,832,YouTube,1080,Trailer,Trailer
2698,833,YouTube,360,Trailer,Evan Almighty (2007)
2699,834,YouTube,480,Trailer,Trailer 1
2721,835,YouTube,360,Trailer,Trailer 1
2722,836,YouTube,360,Trailer,El Otro Lado De La Cama (2002)
2731,837,YouTube,480,Trailer,Trailer 1
2742,838,YouTube,720,Trailer,Naked Lunch
2742,839,YouTube,480,Featurette,Peter Weller On Naked Lunch
2748,840,YouTube,720,Trailer,Trailer 1
2750,841,YouTube,360,Trailer,Trailer
2752,842,YouTube,1080,Trailer,Trailer
2756,843,YouTube,720,Trailer,Trailer 1
2756,844,YouTube,720,Trailer,Trailer 2
2757,845,YouTube,480,Trailer,Trailer 1
2758,846,YouTube,360,Trailer,Trailer 1
2758,847,YouTube,480,Trailer,Trailer 2
2759,848,YouTube,360,Trailer,Trailer
2760,849,YouTube,720,Trailer,Alfred Hitchcock's The Lodger (1926) - trailer
2768,850,YouTube,480,Trailer,Trailer 1
2768,851,YouTube,480,Trailer,Trailer 1
2769,852,YouTube,480,Trailer,Trailer 1
2770,853,YouTube,360,Trailer,Trailer 1
2771,854,YouTube,360,Trailer,Trailer
2778,855,YouTube,360,Trailer,Not A Trailer
2779,856,YouTube,480,Trailer,Trailer
2786,857,YouTube,720,Featurette,Chantal Akerman On Pierrot Le Fou
2786,858,YouTube,1080,Trailer,Trailer 1
2787,859,YouTube,360,Trailer,Trailer 2
2787,860,YouTube,720,Trailer,Trailer 1
2788,861,YouTube,360,Trailer,Reality Bites (1994)
2789,862,YouTube,360,Trailer,Trailer
2790,863,YouTube,360,Trailer,Gaping Abyss
2791,864,YouTube,360,Trailer,Trailer
2800,865,YouTube,1080,Trailer,Trailer 1
2805,866,YouTube,360,Trailer,Trailer 1
2817,867,YouTube,360,Trailer,Same Old Song (1998)
2820,868,YouTube,360,Trailer,Trailer 1
2830,869,YouTube,720,Trailer,Official Trailer
2832,870,YouTube,720,Trailer,Trailer Hd
2837,871,YouTube,360,Trailer,Fou comme François (1979)
2856,872,YouTube,360,Trailer,Trailer 1
2859,873,YouTube,360,Trailer,Trailer
2860,874,YouTube,360,Trailer,Claire's Knee (1970) Trailer | French with English subs
2882,875,YouTube,360,Trailer,Hunting And Gathering (2007)
2887,876,YouTube,360,Trailer,Scene Not A Trailer
2891,877,YouTube,360,Trailer,An Angel at my Table
2892,878,YouTube,720,Trailer,Trailer 1
2895,879,YouTube,720,Trailer,Trailer 1
2897,880,YouTube,720,Trailer,Trailer 1
2898,881,YouTube,480,Trailer,Theatrical Trailer
2898,882,YouTube,720,Featurette,Trailers From Hell
2899,883,YouTube,360,Trailer,Trailer 1
2900,884,YouTube,720,Trailer,Trailer
2907,885,YouTube,480,Trailer,Trailer 2
2907,886,YouTube,360,Trailer,Trailer 1
2911,887,YouTube,360,Trailer,The Last Drop (2006) (Eglish Trailer)
2924,888,YouTube,480,Featurette,Backdraft (1991) VHS Showreel
2924,889,YouTube,360,Trailer,Trailer 1
2925,890,YouTube,480,Trailer,Trailer 1
2926,891,YouTube,360,Trailer,Trailer 1
2926,892,YouTube,720,Featurette,Trailers From Hell
2928,893,YouTube,720,Trailer,Trailer 1
2929,894,YouTube,360,Trailer,Full Movie
2959,895,YouTube,360,Trailer,Trailer
2964,896,YouTube,360,Trailer,Trailer
2972,897,YouTube,360,Trailer,The Golem: How He Came Into The World (1920)
2973,898,YouTube,360,Clip,Countdown Clip
2976,899,YouTube,720,Trailer,trailer
2977,900,YouTube,360,Trailer,1
2978,901,YouTube,1080,Trailer,Trailer 2
2978,902,YouTube,1080,Trailer,Trailer 1
2978,903,YouTube,1080,Teaser,Teaser Trailer
2979,904,YouTube,720,Trailer,Return Of The Ghostbusters Trailer
2981,905,YouTube,360,Trailer,The Lost World (1925)
2981,906,YouTube,480,Featurette,Full Movie: The Lost World (1925)
2982,907,YouTube,360,Trailer,Trailer 1
2982,908,YouTube,720,Featurette,Trailers From Hell
2984,909,YouTube,360,Trailer,A Countess From Hong Kong (1967)
2988,910,YouTube,360,Trailer,The Harrad Experiment (1973) Theatrical Trailer
2990,911,YouTube,360,Trailer,Pacific Heights (1990)
2993,912,YouTube,720,Trailer,Trailer
2994,913,YouTube,720,Trailer,Trailer 2
2994,914,YouTube,720,Featurette,Trailers From Hell
2997,915,YouTube,480,Trailer,Trailer 1
2998,916,YouTube,480,Trailer,Trailer 1
2998,917,YouTube,720,Featurette,Trailers From Hell
